Messreihe #1;Messreihe #1;Messreihe #1;Messreihe #1;Messreihe #1;Messreihe #1;Messreihe #1;Messreihe #2;Messreihe #2;Messreihe #2;Messreihe #2;Messreihe #2;Messreihe #2;Messreihe #2
Zeit (s);Winkel (rad);Winkelgeschwindigkeit (rad/s);Winkelbeschleunigung (rad/s²);Position (m);Geschwindigkeit (m/s);Beschleunigung (m/s²);Zeit (s);Winkel (rad);Winkelgeschwindigkeit (rad/s);Winkelbeschleunigung (rad/s²);Position (m);Geschwindigkeit (m/s);Beschleunigung (m/s²)
0,050;0,000;;;0,0000;;;0,050;0,000;;;0,0000;;
0,100;0,000;0,000;;0,0000;0,000;;0,100;0,000;0,000;;0,0000;0,000;
0,150;0,000;0,000;0,000;0,0000;0,000;0,000;0,150;0,000;0,000;0,000;0,0000;0,000;0,000
0,200;0,000;0,000;0,000;0,0000;0,000;0,000;0,200;0,000;0,000;0,000;0,0000;0,000;0,000
0,250;0,000;0,000;0,000;0,0000;0,000;0,000;0,250;0,000;0,000;0,000;0,0000;0,000;0,000
0,300;0,000;0,000;0,000;0,0000;0,000;0,000;0,300;0,000;0,000;0,000;0,0000;0,000;0,000
0,350;0,000;0,000;0,000;0,0000;0,000;0,000;0,350;0,000;0,000;0,000;0,0000;0,000;0,000
0,400;0,000;0,000;1,885;0,0000;0,000;0,045;0,400;0,000;0,000;0,000;0,0000;0,000;0,000
0,450;0,000;0,188;13,195;0,0000;0,005;0,315;0,450;0,000;0,000;0,000;0,0000;0,000;0,000
0,500;0,019;1,319;34,086;4,5000E-4;0,031;0,814;0,500;0,000;0,000;0,000;0,0000;0,000;0,000
0,550;0,132;3,597;51,836;0,0031;0,086;1,237;0,550;0,000;0,000;0,157;0,0000;0,000;0,004
0,600;0,379;6,503;60,004;0,0090;0,155;1,433;0,600;0,000;0,016;0,157;0,0000;3,750E-4;0,004
0,650;0,782;9,598;56,706;0,0187;0,229;1,354;0,650;0,002;0,016;-0,157;3,7500E-5;3,750E-4;-0,004
0,700;1,338;12,174;41,783;0,0320;0,291;0,998;0,700;0,002;0,000;-0,157;3,7500E-5;0,000;-0,004
0,750;2,000;13,776;28,746;0,0477;0,329;0,686;0,750;0,002;0,000;0,000;3,7500E-5;0,000;0,000
0,800;2,716;15,048;25,133;0,0648;0,359;0,600;0,800;0,002;0,000;0,000;3,7500E-5;0,000;0,000
0,850;3,504;16,289;17,750;0,0837;0,389;0,424;0,850;0,002;0,000;0,000;3,7500E-5;0,000;0,000
0,900;4,345;16,823;3,613;0,1037;0,402;0,086;0,900;0,002;0,000;1,100;3,7500E-5;0,000;0,026
0,950;5,187;16,650;-7,540;0,1238;0,398;-0,180;0,950;0,002;0,110;14,608;3,7500E-5;0,003;0,349
1,000;6,010;16,069;-16,179;0,1435;0,384;-0,386;1,000;0,013;1,461;57,491;3,0000E-4;0,035;1,372
1,050;6,794;15,033;-24,662;0,1622;0,359;-0,589;1,050;0,148;5,859;94,876;0,0035;0,140;2,265
1,100;7,513;13,603;-34,715;0,1794;0,325;-0,829;1,100;0,598;10,948;81,053;0,0143;0,261;1,935
1,150;8,154;11,561;-44,296;0,1947;0,276;-1,057;1,150;1,243;13,964;55,292;0,0297;0,333;1,320
1,200;8,669;9,173;-40,527;0,2070;0,219;-0,967;1,200;1,995;16,478;48,538;0,0476;0,393;1,159
1,250;9,071;7,508;-25,604;0,2166;0,179;-0,611;1,250;2,890;18,818;39,113;0,0690;0,449;0,934
1,300;9,420;6,613;-11,624;0,2249;0,158;-0,278;1,300;3,877;20,389;32,201;0,0925;0,487;0,769
1,350;9,733;6,346;4,869;0,2323;0,151;0,116;1,350;4,929;22,038;35,500;0,1177;0,526;0,847
1,400;10,055;7,100;22,305;0,2400;0,169;0,533;1,400;6,081;23,939;30,473;0,1452;0,571;0,728
1,450;10,443;8,577;29,845;0,2493;0,205;0,713;1,450;7,323;25,086;7,697;0,1748;0,599;0,184
1,500;10,912;10,085;22,462;0,2605;0,241;0,536;1,500;8,589;24,709;-27,489;0,2051;0,590;-0,656
1,550;11,451;10,823;3,299;0,2734;0,258;0,079;1,550;9,794;22,337;-60,162;0,2338;0,533;-1,436
1,600;11,995;10,414;-14,765;0,2863;0,249;-0,352;1,600;10,823;18,692;-71,628;0,2584;0,446;-1,710
1,650;12,493;9,346;-22,934;0,2982;0,223;-0,547;1,650;11,663;15,174;-70,529;0,2784;0,362;-1,684
1,700;12,929;8,121;-27,018;0,3087;0,194;-0,645;1,700;12,340;11,640;-70,686;0,2946;0,278;-1,687
1,750;13,305;6,644;-35,500;0,3176;0,159;-0,848;1,750;12,827;8,105;-60,633;0,3062;0,194;-1,448
1,800;13,594;4,571;-40,055;0,3245;0,109;-0,956;1,800;13,151;5,576;-40,998;0,3139;0,133;-0,979
1,850;13,762;2,639;-24,662;0,3285;0,063;-0,589;1,850;13,385;4,006;-27,803;0,3195;0,096;-0,664
1,900;13,858;2,105;-0,628;0,3308;0,050;-0,015;1,900;13,551;2,796;-12,252;0,3235;0,067;-0,293
1,950;13,972;2,576;6,126;0,3336;0,061;0,146;1,950;13,664;2,780;16,179;0,3262;0,066;0,386
2,000;14,115;2,717;1,885;0,3370;0,065;0,045;2,000;13,829;4,414;35,500;0,3301;0,105;0,848
2,050;14,244;2,765;10,210;0,3400;0,066;0,244;2,050;14,106;6,330;28,274;0,3367;0,151;0,675
2,100;14,392;3,738;12,566;0,3436;0,089;0,300;2,100;14,462;7,241;-17,593;0,3453;0,173;-0,420
2,150;14,618;4,021;-29,217;0,3490;0,096;-0,698;2,150;14,830;4,571;-79,011;0,3540;0,109;-1,886
2,200;14,794;0,817;-47,281;0,3532;0,020;-1,129;2,200;14,919;-0,660;-62,518;0,3562;-0,016;-1,493
2,250;14,700;-0,707;-6,440;0,3509;-0,017;-0,154;2,250;14,764;-1,681;20,263;0,3525;-0,040;0,484
2,300;14,723;0,173;9,739;0,3515;0,004;0,232;2,300;14,751;1,367;32,516;0,3522;0,033;0,776
2,350;14,717;0,267;3,142;0,3513;0,006;0,075;2,350;14,901;1,571;-14,137;0,3557;0,038;-0,337
2,400;14,750;0,487;-1,414;0,3521;0,012;-0,034;2,400;14,908;-0,047;-17,122;0,3559;-0,001;-0,409
2,450;14,765;0,126;-4,712;0,3525;0,003;-0,112;2,450;14,896;-0,141;0,785;0,3556;-0,003;0,019
2,500;14,762;0,016;0,314;0,3524;3,750E-4;0,007;2,500;14,894;0,031;2,670;0,3556;7,500E-4;0,064
2,550;14,767;0,157;-0,157;0,3525;0,004;-0,004;2,550;14,899;0,126;2,042;0,3557;0,003;0,049
2,600;14,778;0,000;-13,509;0,3528;0,000;-0,323;2,600;14,907;0,236;0,628;0,3559;0,006;0,015
2,650;14,767;-1,194;-53,407;0,3525;-0,029;-1,275;2,650;14,923;0,188;0,157;0,3562;0,005;0,004
2,700;14,659;-5,341;-112,626;0,3500;-0,128;-2,689;2,700;14,926;0,251;1,100;0,3563;0,006;0,026
2,750;14,233;-12,456;-147,812;0,3398;-0,297;-3,529;2,750;14,948;0,298;-9,896;0,3568;0,007;-0,236
2,800;13,413;-20,122;-147,655;0,3202;-0,480;-3,525;2,800;14,956;-0,738;-42,726;0,3570;-0,018;-1,020
2,850;12,221;-27,222;-133,989;0,2918;-0,650;-3,199;2,850;14,874;-3,974;-93,934;0,3551;-0,095;-2,242
2,900;10,691;-33,521;-114,825;0,2552;-0,800;-2,741;2,900;14,558;-10,132;-138,073;0,3475;-0,242;-3,296
2,950;8,869;-38,704;-92,677;0,2117;-0,924;-2,213;2,950;13,861;-17,781;-149,697;0,3309;-0,424;-3,574
3,000;6,820;-42,789;-70,843;0,1628;-1,021;-1,691;3,000;12,780;-25,101;-138,858;0,3051;-0,599;-3,315
3,050;4,590;-45,789;-45,553;0,1096;-1,093;-1,088;3,050;11,351;-31,667;-121,423;0,2710;-0,756;-2,899
3,100;2,242;-47,344;-17,907;0,0535;-1,130;-0,427;3,100;9,613;-37,244;-100,374;0,2295;-0,889;-2,396
3,150;-0,145;-47,579;9,111;-0,0034;-1,136;0,218;3,150;7,626;-41,705;-78,226;0,1821;-0,996;-1,867
3,200;-2,516;-46,433;38,170;-0,0601;-1,108;0,911;3,200;5,443;-45,066;-53,721;0,1299;-1,076;-1,283
3,250;-4,788;-43,762;65,345;-0,1143;-1,045;1,560;3,250;3,120;-47,077;-26,546;0,0745;-1,124;-0,634
3,300;-6,893;-39,898;89,064;-0,1645;-0,952;2,126;3,300;0,735;-47,721;0,314;0,0175;-1,139;0,008
3,350;-8,778;-34,856;112,626;-0,2095;-0,832;2,689;3,350;-1,652;-47,045;29,060;-0,0395;-1,123;0,694
3,400;-10,378;-28,636;132,732;-0,2478;-0,684;3,169;3,400;-3,969;-44,815;57,805;-0,0948;-1,070;1,380
3,450;-11,641;-21,583;146,712;-0,2779;-0,515;3,503;3,450;-6,134;-41,265;82,624;-0,1464;-0,985;1,973
3,500;-12,537;-13,964;156,923;-0,2993;-0,333;3,746;3,500;-8,096;-36,552;106,814;-0,1933;-0,873;2,550
3,550;-13,038;-5,890;161,792;-0,3112;-0,141;3,862;3,550;-9,789;-30,583;128,962;-0,2337;-0,730;3,079
3,600;-13,126;2,215;158,022;-0,3133;0,053;3,772;3,600;-11,154;-23,656;144,513;-0,2663;-0,565;3,450
3,650;-12,816;9,912;149,069;-0,3060;0,237;3,559;3,650;-12,155;-16,132;155,352;-0,2902;-0,385;3,709
3,700;-12,134;17,122;138,544;-0,2897;0,409;3,308;3,700;-12,767;-8,121;161,635;-0,3048;-0,194;3,859
3,750;-11,104;23,766;125,978;-0,2651;0,567;3,007;3,750;-12,967;0,031;159,436;-0,3096;7,500E-4;3,806
3,800;-9,758;29,719;109,956;-0,2329;0,709;2,625;3,800;-12,764;7,823;151,268;-0,3047;0,187;3,611
3,850;-8,132;34,762;88,750;-0,1941;0,830;2,119;3,850;-12,185;15,158;141,372;-0,2909;0,362;3,375
3,900;-6,282;38,594;65,502;-0,1500;0,921;1,564;3,900;-11,248;21,960;129,591;-0,2685;0,524;3,094
3,950;-4,273;41,312;42,412;-0,1020;0,986;1,013;3,950;-9,989;28,117;114,511;-0,2385;0,671;2,734
4,000;-2,150;42,836;16,022;-0,0513;1,023;0,382;4,000;-8,437;33,411;94,248;-0,2014;0,798;2,250
4,050;0,011;42,914;-10,053;2,6250E-4;1,024;-0,240;4,050;-6,648;37,542;71,471;-0,1587;0,896;1,706
4,100;2,141;41,830;-32,830;0,0511;0,999;-0,784;4,100;-4,683;40,558;48,695;-0,1118;0,968;1,163
4,150;4,194;39,631;-56,392;0,1001;0,946;-1,346;4,150;-2,592;42,412;23,091;-0,0619;1,013;0,551
4,200;6,104;36,191;-78,540;0,1457;0,864;-1,875;4,200;-0,441;42,867;-3,456;-0,0105;1,023;-0,083
4,250;7,813;31,777;-95,662;0,1865;0,759;-2,284;4,250;1,695;42,066;-27,175;0,0405;1,004;-0,649
4,300;9,282;26,625;-110,584;0,2216;0,636;-2,640;4,300;3,765;40,150;-50,266;0,0899;0,959;-1,200
4,350;10,476;20,719;-123,936;0,2501;0,495;-2,959;4,350;5,710;37,039;-72,728;0,1363;0,884;-1,736
4,400;11,354;14,231;-133,047;0,2711;0,340;-3,176;4,400;7,469;32,877;-91,106;0,1783;0,785;-2,175
4,450;11,899;7,414;-137,602;0,2841;0,177;-3,285;4,450;8,998;27,929;-106,343;0,2148;0,667;-2,539
4,500;12,095;0,471;-137,445;0,2888;0,011;-3,281;4,500;10,262;22,242;-120,166;0,2450;0,531;-2,869
4,550;11,946;-6,330;-133,047;0,2852;-0,151;-3,176;4,550;11,222;15,912;-130,533;0,2679;0,380;-3,116
4,600;11,462;-12,833;-126,135;0,2736;-0,306;-3,011;4,600;11,853;9,189;-136,188;0,2830;0,219;-3,251
4,650;10,663;-18,944;-116,396;0,2546;-0,452;-2,779;4,650;12,141;2,293;-137,131;0,2898;0,055;-3,274
4,700;9,568;-24,473;-102,573;0,2284;-0,584;-2,449;4,700;12,083;-4,524;-133,832;0,2884;-0,108;-3,195
4,750;8,215;-29,201;-86,865;0,1961;-0,697;-2,074;4,750;11,688;-11,090;-127,706;0,2790;-0,265;-3,049
4,800;6,648;-33,160;-70,686;0,1587;-0,792;-1,688;4,800;10,974;-17,294;-118,752;0,2620;-0,413;-2,835
4,850;4,899;-36,270;-50,580;0,1170;-0,866;-1,208;4,850;9,959;-22,965;-105,872;0,2377;-0,548;-2,528
4,900;3,021;-38,218;-27,489;0,0721;-0,912;-0,656;4,900;8,677;-27,882;-90,478;0,2071;-0,666;-2,160
4,950;1,078;-39,019;-6,126;0,0257;-0,932;-0,146;4,950;7,171;-32,013;-74,613;0,1712;-0,764;-1,781
5,000;-0,881;-38,830;16,179;-0,0210;-0,927;0,386;5,000;5,476;-35,343;-55,920;0,1307;-0,844;-1,335
5,050;-2,805;-37,401;40,841;-0,0670;-0,893;0,975;5,050;3,636;-37,605;-33,458;0,0868;-0,898;-0,799
5,100;-4,621;-34,746;62,204;-0,1103;-0,829;1,485;5,100;1,715;-38,689;-11,467;0,0409;-0,924;-0,274
5,150;-6,280;-31,180;80,582;-0,1499;-0,744;1,924;5,150;-0,232;-38,752;10,053;-0,0056;-0,925;0,240
5,200;-7,739;-26,688;98,175;-0,1848;-0,637;2,344;5,200;-2,160;-37,683;34,086;-0,0516;-0,900;0,814
5,250;-8,949;-21,363;113,097;-0,2136;-0,510;2,700;5,250;-4,001;-35,343;56,863;-0,0955;-0,844;1,358
5,300;-9,876;-15,378;123,936;-0,2358;-0,367;2,959;5,300;-5,694;-31,997;75,398;-0,1359;-0,764;1,800
5,350;-10,487;-8,969;129,591;-0,2503;-0,214;3,094;5,350;-7,201;-27,803;92,834;-0,1719;-0,664;2,216
5,400;-10,773;-2,419;130,376;-0,2572;-0,058;3,113;5,400;-8,474;-22,714;109,013;-0,2023;-0,542;2,603
5,450;-10,729;4,068;126,606;-0,2561;0,097;3,023;5,450;-9,472;-16,902;120,794;-0,2261;-0,404;2,884
5,500;-10,366;10,242;119,852;-0,2475;0,244;2,861;5,500;-10,165;-10,634;127,863;-0,2427;-0,254;3,053
5,550;-9,704;16,054;111,212;-0,2317;0,383;2,655;5,550;-10,535;-4,115;129,905;-0,2515;-0,098;3,101
5,600;-8,760;21,363;98,803;-0,2091;0,510;2,359;5,600;-10,576;2,356;126,763;-0,2525;0,056;3,026
5,650;-7,568;25,934;82,938;-0,1807;0,619;1,980;5,650;-10,300;8,561;120,951;-0,2459;0,204;2,888
5,700;-6,167;29,657;65,502;-0,1472;0,708;1,564;5,700;-9,720;14,451;112,940;-0,2321;0,345;2,696
5,750;-4,602;32,484;47,595;-0,1099;0,776;1,136;5,750;-8,855;19,855;101,474;-0,2114;0,474;2,422
5,800;-2,919;34,416;27,175;-0,0697;0,822;0,649;5,800;-7,735;24,599;86,865;-0,1847;0,587;2,074
5,850;-1,161;35,202;4,241;-0,0277;0,840;0,101;5,850;-6,395;28,541;69,900;-0,1527;0,681;1,669
5,900;0,602;34,840;-15,865;0,0144;0,832;-0,379;5,900;-4,880;31,589;52,308;-0,1165;0,754;1,249
5,950;2,323;33,615;-33,772;0,0555;0,803;-0,806;5,950;-3,236;33,772;32,516;-0,0773;0,806;0,776
6,000;3,963;31,463;-52,622;0,0946;0,751;-1,256;6,000;-1,503;34,840;9,896;-0,0359;0,832;0,236
6,050;5,470;28,353;-70,215;0,1306;0,677;-1,676;6,050;0,248;34,762;-10,367;0,0059;0,830;-0,247
6,100;6,798;24,442;-84,352;0,1623;0,583;-2,014;6,100;1,973;33,804;-28,431;0,0471;0,807;-0,679
6,150;7,914;19,918;-95,347;0,1889;0,476;-2,276;6,150;3,629;31,919;-47,438;0,0866;0,762;-1,133
6,200;8,790;14,907;-104,301;0,2099;0,356;-2,490;6,200;5,165;29,060;-65,502;0,1233;0,694;-1,564
6,250;9,404;9,488;-110,741;0,2245;0,226;-2,644;6,250;6,535;25,368;-80,425;0,1560;0,606;-1,920
6,300;9,739;3,833;-112,783;0,2325;0,091;-2,692;6,300;7,702;21,017;-92,049;0,1839;0,502;-2,197
6,350;9,788;-1,791;-110,584;0,2337;-0,043;-2,640;6,350;8,636;16,164;-101,159;0,2062;0,386;-2,415
6,400;9,560;-7,226;-105,872;0,2282;-0,173;-2,528;6,400;9,318;10,901;-108,385;0,2224;0,260;-2,588
6,450;9,065;-12,378;-98,803;0,2164;-0,296;-2,359;6,450;9,726;5,325;-111,998;0,2322;0,127;-2,674
6,500;8,322;-17,106;-89,535;0,1987;-0,408;-2,137;6,500;9,850;-0,298;-110,741;0,2352;-0,007;-2,644
6,550;7,354;-21,331;-79,011;0,1756;-0,509;-1,886;6,550;9,697;-5,749;-106,343;0,2315;-0,137;-2,539
6,600;6,189;-25,007;-66,602;0,1478;-0,597;-1,590;6,600;9,276;-10,933;-100,060;0,2214;-0,261;-2,389
6,650;4,854;-27,992;-51,051;0,1159;-0,668;-1,219;6,650;8,603;-15,755;-91,735;0,2054;-0,376;-2,190
6,700;3,390;-30,112;-32,987;0,0809;-0,719;-0,787;6,700;7,700;-20,106;-81,524;0,1838;-0,480;-1,946
6,750;1,843;-31,290;-15,080;0,0440;-0,747;-0,360;6,750;6,593;-23,908;-69,429;0,1574;-0,571;-1,657
6,800;0,261;-31,620;2,042;0,0062;-0,755;0,049;6,800;5,309;-27,049;-54,821;0,1267;-0,646;-1,309
6,850;-1,319;-31,086;20,892;-0,0315;-0,742;0,499;6,850;3,888;-29,390;-37,542;0,0928;-0,702;-0,896
6,900;-2,848;-29,531;40,527;-0,0680;-0,705;0,968;6,900;2,370;-30,803;-19,478;0,0566;-0,735;-0,465
6,950;-4,273;-27,033;57,334;-0,1020;-0,645;1,369;6,950;0,807;-31,337;-2,356;0,0193;-0,748;-0,056
7,000;-5,551;-23,798;71,000;-0,1325;-0,568;1,695;7,000;-0,763;-31,039;15,708;-0,0182;-0,741;0,375
7,050;-6,652;-19,933;83,724;-0,1588;-0,476;1,999;7,050;-2,297;-29,767;35,186;-0,0548;-0,711;0,840
7,100;-7,545;-15,425;95,033;-0,1801;-0,368;2,269;7,100;-3,740;-27,520;52,779;-0,0893;-0,657;1,260
7,150;-8,195;-10,430;102,730;-0,1956;-0,249;2,453;7,150;-5,049;-24,489;66,916;-0,1205;-0,585;1,597
7,200;-8,588;-5,152;106,186;-0,2050;-0,123;2,535;7,200;-6,189;-20,829;79,639;-0,1478;-0,497;1,901
7,250;-8,710;0,188;104,772;-0,2079;0,004;2,501;7,250;-7,131;-16,525;91,577;-0,1703;-0,394;2,186
7,300;-8,569;5,325;99,903;-0,2046;0,127;2,385;7,300;-7,841;-11,671;100,217;-0,1872;-0,279;2,392
7,350;-8,178;10,179;93,305;-0,1952;0,243;2,228;7,350;-8,299;-6,503;104,458;-0,1981;-0,155;2,494
7,400;-7,551;14,656;84,509;-0,1803;0,350;2,018;7,400;-8,492;-1,225;104,301;-0,2027;-0,029;2,490
7,450;-6,712;18,630;73,356;-0,1602;0,445;1,751;7,450;-8,421;3,927;100,531;-0,2010;0,094;2,400
7,500;-5,688;21,991;60,790;-0,1358;0,525;1,451;7,500;-8,099;8,828;94,562;-0,1934;0,211;2,257
7,550;-4,513;24,709;47,595;-0,1077;0,590;1,136;7,550;-7,538;13,383;86,237;-0,1800;0,319;2,059
7,600;-3,217;26,751;31,573;-0,0768;0,639;0,754;7,600;-6,761;17,452;75,870;-0,1614;0,417;1,811
7,650;-1,838;27,866;13,352;-0,0439;0,665;0,319;7,650;-5,793;20,970;63,774;-0,1383;0,501;1,523
7,700;-0,430;28,086;-3,299;-0,0103;0,671;-0,079;7,700;-4,664;23,829;50,423;-0,1113;0,569;1,204
7,750;0,971;27,536;-18,535;0,0232;0,657;-0,443;7,750;-3,410;26,012;35,500;-0,0814;0,621;0,847
7,800;2,323;26,232;-33,301;0,0555;0,626;-0,795;7,800;-2,062;27,379;18,221;-0,0492;0,654;0,435
7,850;3,594;24,206;-47,752;0,0858;0,578;-1,140;7,850;-0,672;27,835;0,942;-0,0161;0,665;0,023
7,900;4,744;21,457;-60,790;0,1133;0,512;-1,451;7,900;0,721;27,473;-14,608;0,0172;0,656;-0,349
7,950;5,740;18,127;-71,628;0,1370;0,433;-1,710;7,950;2,075;26,374;-29,060;0,0495;0,630;-0,694
8,000;6,557;14,294;-80,425;0,1565;0,341;-1,920;8,000;3,358;24,567;-43,668;0,0802;0,586;-1,042
8,050;7,169;10,085;-86,237;0,1712;0,241;-2,059;8,050;4,532;22,007;-57,177;0,1082;0,525;-1,365
8,100;7,565;5,671;-89,378;0,1806;0,135;-2,134;8,100;5,559;18,850;-68,173;0,1327;0,450;-1,628
8,150;7,736;1,147;-89,221;0,1847;0,027;-2,130;8,150;6,417;15,190;-77,283;0,1532;0,363;-1,845
8,200;7,680;-3,252;-85,766;0,1833;-0,078;-2,048;8,200;7,078;11,121;-84,038;0,1690;0,265;-2,006
8,250;7,411;-7,430;-81,210;0,1769;-0,177;-1,939;8,250;7,529;6,786;-87,965;0,1797;0,162;-2,100
8,300;6,937;-11,373;-75,555;0,1656;-0,271;-1,804;8,300;7,757;2,325;-88,593;0,1852;0,056;-2,115
8,350;6,274;-14,985;-68,016;0,1498;-0,358;-1,624;8,350;7,761;-2,073;-86,237;0,1853;-0,050;-2,059
8,400;5,438;-18,174;-58,277;0,1298;-0,434;-1,391;8,400;7,549;-6,299;-81,996;0,1802;-0,150;-1,957
8,450;4,456;-20,813;-46,810;0,1064;-0,497;-1,118;8,450;7,131;-10,273;-76,341;0,1702;-0,245;-1,823
8,500;3,357;-22,855;-33,772;0,0801;-0,546;-0,806;8,500;6,522;-13,933;-69,272;0,1557;-0,333;-1,654
8,550;2,171;-24,190;-19,792;0,0518;-0,578;-0,472;8,550;5,738;-17,200;-60,319;0,1370;-0,411;-1,440
8,600;0,938;-24,834;-6,283;0,0224;-0,593;-0,150;8,600;4,802;-19,965;-49,323;0,1146;-0,477;-1,177
8,650;-0,313;-24,819;8,011;-0,0075;-0,593;0,191;8,650;3,742;-22,133;-36,757;0,0893;-0,528;-0,878
8,700;-1,544;-24,033;23,405;-0,0369;-0,574;0,559;8,700;2,589;-23,641;-23,248;0,0618;-0,564;-0,555
8,750;-2,716;-22,478;37,856;-0,0648;-0,537;0,904;8,750;1,378;-24,457;-9,739;0,0329;-0,584;-0,232
8,800;-3,792;-20,248;50,580;-0,0905;-0,483;1,207;8,800;0,143;-24,614;4,241;0,0034;-0,588;0,101
8,850;-4,741;-17,420;61,104;-0,1132;-0,416;1,459;8,850;-1,084;-24,033;19,321;-0,0259;-0,574;0,461
8,900;-5,534;-14,137;69,586;-0,1321;-0,338;1,661;8,900;-2,260;-22,682;33,615;-0,0540;-0,542;0,803
8,950;-6,154;-10,462;76,812;-0,1469;-0,250;1,834;8,950;-3,352;-20,672;46,653;-0,0800;-0,494;1,114
9,000;-6,580;-6,456;81,839;-0,1571;-0,154;1,954;9,000;-4,328;-18,017;58,120;-0,1033;-0,430;1,387
9,050;-6,800;-2,278;82,938;-0,1623;-0,054;1,980;9,050;-5,154;-14,860;66,916;-0,1230;-0,355;1,597
9,100;-6,808;1,838;79,797;-0,1625;0,044;1,905;9,100;-5,814;-11,325;73,985;-0,1388;-0,270;1,766
9,150;-6,616;5,702;74,770;-0,1579;0,136;1,785;9,150;-6,286;-7,461;79,482;-0,1501;-0,178;1,898
9,200;-6,238;9,315;69,272;-0,1489;0,222;1,654;9,200;-6,560;-3,377;81,839;-0,1566;-0,081;1,954
9,250;-5,685;12,629;62,047;-0,1357;0,302;1,481;9,250;-6,624;0,723;79,954;-0,1581;0,017;1,909
9,300;-4,975;15,519;53,250;-0,1188;0,371;1,271;9,300;-6,487;4,618;75,712;-0,1549;0,110;1,807
9,350;-4,133;17,954;43,511;-0,0987;0,429;1,039;9,350;-6,162;8,294;70,529;-0,1471;0,198;1,684
9,400;-3,179;19,871;31,573;-0,0759;0,474;0,754;9,400;-5,658;11,671;63,617;-0,1351;0,279;1,519
9,450;-2,146;21,112;18,378;-0,0512;0,504;0,439;9,450;-4,995;14,656;55,135;-0,1193;0,350;1,316
9,500;-1,068;21,708;5,341;-0,0255;0,518;0,127;9,500;-4,192;17,185;45,553;-0,1001;0,410;1,087
9,550;0,025;21,646;-7,697;6,0000E-4;0,517;-0,184;9,550;-3,277;19,211;34,872;-0,0782;0,459;0,832
9,600;1,096;20,939;-19,478;0,0262;0,500;-0,465;9,600;-2,271;20,672;21,991;-0,0542;0,494;0,525
9,650;2,119;19,698;-30,316;0,0506;0,470;-0,724;9,650;-1,210;21,410;8,011;-0,0289;0,511;0,191
9,700;3,066;17,907;-41,155;0,0732;0,427;-0,983;9,700;-0,130;21,473;-4,555;-0,0031;0,513;-0,109
9,750;3,910;15,582;-50,737;0,0933;0,372;-1,211;9,750;0,938;20,954;-16,179;0,0224;0,500;-0,386
9,800;4,624;12,833;-58,277;0,1104;0,306;-1,391;9,800;1,965;19,855;-27,489;0,0469;0,474;-0,656
9,850;5,193;9,755;-64,089;0,1240;0,233;-1,530;9,850;2,923;18,206;-38,013;0,0698;0,435;-0,907
9,900;5,600;6,425;-67,858;0,1337;0,153;-1,620;9,900;3,786;16,054;-47,909;0,0904;0,383;-1,144
9,950;5,836;2,969;-69,115;0,1393;0,071;-1,650;9,950;4,529;13,415;-56,392;0,1081;0,320;-1,346
10,000;5,897;-0,487;-67,701;0,1408;-0,012;-1,616;10,000;5,127;10,414;-62,361;0,1224;0,249;-1,489
10,050;5,787;-3,801;-64,403;0,1382;-0,091;-1,537;10,050;5,570;7,179;-66,916;0,1330;0,171;-1,597
10,100;5,517;-6,927;-60,162;0,1317;-0,165;-1,436;10,100;5,845;3,723;-69,115;0,1395;0,089;-1,650
10,150;5,094;-9,817;-54,978;0,1216;-0,234;-1,313;10,150;5,942;0,267;-67,544;0,1419;0,006;-1,613
10,200;4,535;-12,425;-48,695;0,1083;-0,297;-1,163;10,200;5,872;-3,032;-64,246;0,1402;-0,072;-1,534
10,250;3,852;-14,687;-40,841;0,0920;-0,351;-0,975;10,250;5,639;-6,158;-60,476;0,1346;-0,147;-1,444
10,300;3,066;-16,509;-31,259;0,0732;-0,394;-0,746;10,300;5,256;-9,079;-55,606;0,1255;-0,217;-1,327
10,350;2,201;-17,813;-20,892;0,0525;-0,425;-0,499;10,350;4,731;-11,718;-49,323;0,1129;-0,280;-1,178
10,400;1,285;-18,598;-10,839;0,0307;-0,444;-0,259;10,400;4,084;-14,012;-42,097;0,0975;-0,335;-1,005
10,450;0,341;-18,897;-0,314;0,0081;-0,451;-0,008;10,450;3,330;-15,928;-33,301;0,0795;-0,380;-0,795
10,500;-0,605;-18,630;11,310;-0,0144;-0,445;0,270;10,500;2,491;-17,342;-23,091;0,0595;-0,414;-0,551
10,550;-1,522;-17,766;22,777;-0,0363;-0,424;0,544;10,550;1,596;-18,237;-12,881;0,0381;-0,435;-0,307
10,600;-2,381;-16,352;32,830;-0,0568;-0,390;0,784;10,600;0,668;-18,630;-2,513;0,0159;-0,445;-0,060
10,650;-3,157;-14,483;41,940;-0,0754;-0,346;1,001;10,650;-0,267;-18,488;8,639;-0,0064;-0,441;0,206
10,700;-3,830;-12,158;49,794;-0,0914;-0,290;1,189;10,700;-1,181;-17,766;19,792;-0,0282;-0,424;0,473
10,750;-4,373;-9,503;55,449;-0,1044;-0,227;1,324;10,750;-2,044;-16,509;30,159;-0,0488;-0,394;0,720
10,800;-4,780;-6,613;59,533;-0,1141;-0,158;1,421;10,800;-2,832;-14,750;39,741;-0,0676;-0,352;0,949
10,850;-5,034;-3,550;61,418;-0,1202;-0,085;1,466;10,850;-3,519;-12,535;47,595;-0,0840;-0,299;1,136
10,900;-5,135;-0,471;60,476;-0,1226;-0,011;1,444;10,900;-4,086;-9,990;53,564;-0,0975;-0,239;1,279
10,950;-5,082;2,498;57,491;-0,1213;0,060;1,373;10,950;-4,518;-7,179;57,962;-0,1079;-0,171;1,384
11,000;-4,885;5,278;53,721;-0,1166;0,126;1,283;11,000;-4,803;-4,194;60,476;-0,1147;-0,100;1,444
11,050;-4,554;7,870;49,166;-0,1087;0,188;1,174;11,050;-4,937;-1,131;60,319;-0,1179;-0,027;1,440
11,100;-4,098;10,194;43,511;-0,0978;0,243;1,039;11,100;-4,917;1,838;57,491;-0,1174;0,044;1,372
11,150;-3,534;12,221;36,914;-0,0844;0,292;0,881;11,150;-4,753;4,618;54,035;-0,1135;0,110;1,290
11,200;-2,876;13,886;28,746;-0,0687;0,332;0,686;11,200;-4,455;7,241;49,951;-0,1064;0,173;1,193
11,250;-2,146;15,095;19,164;-0,0512;0,360;0,457;11,250;-4,029;9,613;44,454;-0,0962;0,230;1,061
11,300;-1,367;15,802;9,425;-0,0326;0,377;0,225;11,300;-3,493;11,687;37,856;-0,0834;0,279;0,904
11,350;-0,565;16,038;0,314;-0,0135;0,383;0,008;11,350;-2,860;13,399;30,159;-0,0683;0,320;0,720
11,400;0,237;15,834;-8,954;0,0057;0,378;-0,214;11,400;-2,154;14,703;21,049;-0,0514;0,351;0,503
11,450;1,018;15,142;-18,064;0,0243;0,362;-0,431;11,450;-1,390;15,504;11,153;-0,0332;0,370;0,266
11,500;1,751;14,027;-26,075;0,0418;0,335;-0,623;11,500;-0,603;15,818;2,042;-0,0144;0,378;0,049
11,550;2,421;12,535;-33,458;0,0578;0,299;-0,799;11,550;0,192;15,708;-7,069;0,0046;0,375;-0,169
11,600;3,005;10,681;-39,898;0,0717;0,255;-0,952;11,600;0,968;15,111;-15,865;0,0231;0,361;-0,379
11,650;3,489;8,545;-45,239;0,0833;0,204;-1,080;11,650;1,703;14,121;-23,719;0,0406;0,337;-0,566
11,700;3,859;6,158;-49,166;0,0921;0,147;-1,174;11,700;2,380;12,739;-31,573;0,0568;0,304;-0,754
11,750;4,104;3,629;-50,894;0,0980;0,087;-1,215;11,750;2,977;10,964;-38,485;0,0711;0,262;-0,919
11,800;4,222;1,068;-50,423;0,1008;0,026;-1,204;11,800;3,476;8,891;-43,825;0,0830;0,212;-1,046
11,850;4,211;-1,414;-48,066;0,1005;-0,034;-1,147;11,850;3,866;6,582;-47,909;0,0923;0,157;-1,144
11,900;4,081;-3,738;-44,925;0,0974;-0,089;-1,072;11,900;4,134;4,100;-50,423;0,0987;0,098;-1,204
11,950;3,837;-5,906;-41,626;0,0916;-0,141;-0,994;11,950;4,276;1,539;-50,423;0,1021;0,037;-1,204
12,000;3,490;-7,901;-37,699;0,0833;-0,189;-0,900;12,000;4,288;-0,942;-48,223;0,1024;-0,023;-1,151
12,050;3,047;-9,676;-32,516;0,0727;-0,231;-0,776;12,050;4,181;-3,283;-45,082;0,0998;-0,078;-1,076
12,100;2,523;-11,153;-26,075;0,0602;-0,266;-0,622;12,100;3,960;-5,451;-41,469;0,0945;-0,130;-0,990
12,150;1,932;-12,284;-19,007;0,0461;-0,293;-0,454;12,150;3,636;-7,430;-37,699;0,0868;-0,177;-0,900
12,200;1,294;-13,053;-11,624;0,0309;-0,312;-0,278;12,200;3,217;-9,221;-33,144;0,0768;-0,220;-0,791
12,250;0,627;-13,446;-3,927;0,0150;-0,321;-0,094;12,250;2,714;-10,744;-27,018;0,0648;-0,257;-0,645
12,300;-0,050;-13,446;4,084;-0,0012;-0,321;0,097;12,300;2,143;-11,922;-19,949;0,0511;-0,285;-0,476
12,350;-0,718;-13,038;12,252;-0,0171;-0,311;0,292;12,350;1,522;-12,739;-12,881;0,0363;-0,304;-0,308
12,400;-1,354;-12,221;19,949;-0,0323;-0,292;0,476;12,400;0,869;-13,210;-5,341;0,0207;-0,315;-0,127
12,450;-1,940;-11,043;26,704;-0,0463;-0,264;0,638;12,450;0,201;-13,273;2,670;0,0048;-0,317;0,064
12,500;-2,458;-9,550;32,830;-0,0587;-0,228;0,784;12,500;-0,459;-12,943;10,524;-0,0110;-0,309;0,251
12,550;-2,895;-7,760;38,485;-0,0691;-0,185;0,919;12,550;-1,093;-12,221;18,221;-0,0261;-0,292;0,435
12,600;-3,234;-5,702;42,097;-0,0772;-0,136;1,005;12,600;-1,681;-11,121;25,290;-0,0401;-0,265;0,604
12,650;-3,465;-3,550;43,511;-0,0827;-0,085;1,039;12,650;-2,205;-9,692;31,573;-0,0527;-0,231;0,754
12,700;-3,589;-1,351;43,354;-0,0857;-0,032;1,035;12,700;-2,650;-7,964;36,600;-0,0633;-0,190;0,874
12,750;-3,600;0,785;41,155;-0,0859;0,019;0,982;12,750;-3,002;-6,032;40,369;-0,0717;-0,144;0,964
12,800;-3,511;2,765;38,327;-0,0838;0,066;0,915;12,800;-3,253;-3,927;43,040;-0,0777;-0,094;1,027
12,850;-3,324;4,618;35,343;-0,0793;0,110;0,844;12,850;-3,394;-1,728;43,197;-0,0810;-0,041;1,031
12,900;-3,049;6,299;31,573;-0,0728;0,150;0,754;12,900;-3,426;0,393;40,841;-0,0818;0,009;0,975
12,950;-2,694;7,775;27,332;-0,0643;0,186;0,653;12,950;-3,355;2,356;38,170;-0,0801;0,056;0,911
13,000;-2,271;9,032;22,305;-0,0542;0,216;0,532;13,000;-3,190;4,210;35,343;-0,0762;0,101;0,844
13,050;-1,791;10,006;16,336;-0,0428;0,239;0,390;13,050;-2,934;5,890;31,730;-0,0701;0,141;0,757
13,100;-1,271;10,666;10,053;-0,0303;0,255;0,240;13,100;-2,601;7,383;27,803;-0,0621;0,176;0,664
13,150;-0,724;11,011;3,456;-0,0173;0,263;0,083;13,150;-2,196;8,671;22,934;-0,0524;0,207;0,548
13,200;-0,170;11,011;-3,299;-0,0041;0,263;-0,079;13,200;-1,734;9,676;17,279;-0,0414;0,231;0,413
13,250;0,377;10,681;-9,896;0,0090;0,255;-0,236;13,250;-1,228;10,399;11,153;-0,0293;0,248;0,266
13,300;0,898;10,022;-16,022;0,0214;0,239;-0,382;13,300;-0,694;10,791;4,555;-0,0166;0,258;0,109
13,350;1,379;9,079;-21,206;0,0329;0,217;-0,506;13,350;-0,149;10,854;-1,885;-0,0036;0,259;-0,045
13,400;1,806;7,901;-25,918;0,0431;0,189;-0,619;13,400;0,391;10,603;-8,325;0,0093;0,253;-0,199
13,450;2,169;6,487;-30,159;0,0518;0,155;-0,720;13,450;0,911;10,022;-14,608;0,0217;0,239;-0,349
13,500;2,455;4,885;-33,301;0,0586;0,117;-0,795;13,500;1,393;9,142;-20,106;0,0333;0,218;-0,480
13,550;2,658;3,157;-35,186;0,0634;0,075;-0,840;13,550;1,825;8,011;-24,976;0,0436;0,191;-0,596
13,600;2,771;1,367;-35,500;0,0661;0,033;-0,847;13,600;2,194;6,644;-28,903;0,0524;0,159;-0,690
13,650;2,794;-0,393;-33,772;0,0667;-0,009;-0,806;13,650;2,490;5,121;-31,887;0,0594;0,122;-0,761
13,700;2,732;-2,011;-31,102;0,0652;-0,048;-0,743;13,700;2,706;3,456;-34,400;0,0646;0,083;-0,821
13,750;2,593;-3,503;-28,746;0,0619;-0,084;-0,686;13,750;2,835;1,681;-35,343;0,0677;0,040;-0,844
13,800;2,381;-4,885;-25,761;0,0568;-0,117;-0,615;13,800;2,875;-0,079;-33,772;0,0686;-0,002;-0,806
13,850;2,105;-6,079;-22,148;0,0502;-0,145;-0,529;13,850;2,827;-1,696;-30,945;0,0675;-0,041;-0,739
13,900;1,773;-7,100;-18,221;0,0423;-0,170;-0,435;13,900;2,705;-3,173;-28,589;0,0646;-0,076;-0,683
13,950;1,395;-7,901;-13,666;0,0333;-0,189;-0,326;13,950;2,510;-4,555;-25,918;0,0599;-0,109;-0,619
14,000;0,983;-8,467;-8,796;0,0235;-0,202;-0,210;14,000;2,249;-5,765;-22,462;0,0537;-0,138;-0,536
14,050;0,548;-8,781;-3,456;0,0131;-0,210;-0,082;14,050;1,934;-6,802;-18,692;0,0462;-0,162;-0,446
14,100;0,105;-8,812;1,885;0,0025;-0,210;0,045;14,100;1,569;-7,634;-14,294;0,0375;-0,182;-0,341
14,150;-0,333;-8,592;7,226;-0,0080;-0,205;0,173;14,150;1,170;-8,231;-9,425;0,0279;-0,197;-0,225
14,200;-0,754;-8,090;12,409;-0,0180;-0,193;0,296;14,200;0,746;-8,577;-4,241;0,0178;-0,205;-0,101
14,250;-1,142;-7,351;16,808;-0,0273;-0,176;0,401;14,250;0,313;-8,655;0,942;0,0075;-0,207;0,023
14,300;-1,489;-6,409;20,892;-0,0356;-0,153;0,499;14,300;-0,119;-8,482;5,969;-0,0029;-0,202;0,142
14,350;-1,783;-5,262;24,504;-0,0426;-0,126;0,585;14,350;-0,536;-8,058;11,153;-0,0128;-0,192;0,266
14,400;-2,015;-3,958;27,018;-0,0481;-0,095;0,645;14,400;-0,925;-7,367;16,022;-0,0221;-0,176;0,383
14,450;-2,179;-2,560;28,431;-0,0520;-0,061;0,679;14,450;-1,272;-6,456;19,792;-0,0304;-0,154;0,473
14,500;-2,271;-1,115;28,431;-0,0542;-0,027;0,679;14,500;-1,571;-5,388;23,248;-0,0375;-0,129;0,555
14,550;-2,290;0,283;26,546;-0,0547;0,007;0,634;14,550;-1,811;-4,131;26,232;-0,0432;-0,099;0,626
14,600;-2,243;1,539;24,033;-0,0536;0,037;0,574;14,600;-1,984;-2,765;27,803;-0,0474;-0,066;0,664
14,650;-2,136;2,686;21,834;-0,0510;0,064;0,521;14,650;-2,088;-1,351;27,960;-0,0498;-0,032;0,668
14,700;-1,974;3,723;19,478;-0,0471;0,089;0,465;14,700;-2,119;0,031;26,389;-0,0506;7,500E-4;0,630
14,750;-1,764;4,634;16,965;-0,0421;0,111;0,405;14,750;-2,084;1,288;23,876;-0,0498;0,031;0,570
14,800;-1,511;5,419;13,980;-0,0361;0,129;0,334;14,800;-1,990;2,419;21,677;-0,0475;0,058;0,517
14,850;-1,222;6,032;10,210;-0,0292;0,144;0,244;14,850;-1,843;3,456;19,792;-0,0440;0,083;0,473
14,900;-0,908;6,440;6,283;-0,0217;0,154;0,150;14,900;-1,645;4,398;17,279;-0,0393;0,105;0,413
14,950;-0,578;6,660;2,513;-0,0138;0,159;0,060;14,950;-1,403;5,184;13,980;-0,0335;0,124;0,334
15,000;-0,242;6,692;-1,414;-0,0058;0,160;-0,034;15,000;-1,126;5,796;10,524;-0,0269;0,138;0,251
15,050;0,091;6,519;-5,655;0,0022;0,156;-0,135;15,050;-0,823;6,236;7,069;-0,0197;0,149;0,169
15,100;0,410;6,126;-9,582;0,0098;0,146;-0,229;15,100;-0,503;6,503;3,456;-0,0120;0,155;0,083
15,150;0,704;5,561;-12,881;0,0168;0,133;-0,308;15,150;-0,173;6,582;-0,785;-0,0041;0,157;-0,019
15,200;0,966;4,838;-15,708;0,0231;0,116;-0,375;15,200;0,156;6,425;-5,027;0,0037;0,153;-0,120
15,250;1,188;3,990;-18,221;0,0283;0,095;-0,435;15,250;0,470;6,079;-8,639;0,0112;0,145;-0,206
15,300;1,365;3,016;-20,263;0,0326;0,072;-0,484;15,300;0,763;5,561;-12,252;0,0182;0,133;-0,293
15,350;1,489;1,963;-21,363;0,0355;0,047;-0,510;15,350;1,026;4,854;-15,237;0,0245;0,116;-0,364
15,400;1,561;0,880;-21,520;0,0373;0,021;-0,514;15,400;1,249;4,037;-17,436;0,0298;0,096;-0,416
15,450;1,577;-0,188;-20,106;0,0376;-0,005;-0,480;15,450;1,429;3,110;-19,478;0,0341;0,074;-0,465
15,500;1,543;-1,131;-17,750;0,0368;-0,027;-0,424;15,500;1,560;2,089;-20,892;0,0372;0,050;-0,499
15,550;1,464;-1,963;-15,708;0,0349;-0,047;-0,375;15,550;1,638;1,021;-21,049;0,0391;0,024;-0,502
15,600;1,346;-2,702;-13,980;0,0321;-0,065;-0,334;15,600;1,662;-0,016;-19,792;0,0397;-3,750E-4;-0,472
15,650;1,194;-3,362;-12,095;0,0285;-0,080;-0,289;15,650;1,637;-0,958;-17,750;0,0391;-0,023;-0,424
15,700;1,010;-3,911;-9,739;0,0241;-0,093;-0,233;15,700;1,566;-1,791;-15,551;0,0374;-0,043;-0,371
15,750;0,803;-4,335;-7,069;0,0192;-0,104;-0,169;15,750;1,458;-2,513;-13,823;0,0348;-0,060;-0,330
15,800;0,576;-4,618;-4,084;0,0138;-0,110;-0,097;15,800;1,315;-3,173;-12,095;0,0314;-0,076;-0,289
15,850;0,341;-4,744;-1,257;0,0081;-0,113;-0,030;15,850;1,140;-3,723;-9,739;0,0272;-0,089;-0,233
15,900;0,102;-4,744;1,571;0,0024;-0,113;0,038;15,900;0,942;-4,147;-7,226;0,0225;-0,099;-0,173
15,950;-0,134;-4,587;4,398;-0,0032;-0,110;0,105;15,950;0,726;-4,445;-4,555;0,0173;-0,106;-0,109
16,000;-0,357;-4,304;6,912;-0,0085;-0,103;0,165;16,000;0,498;-4,602;-1,728;0,0119;-0,110;-0,041
16,050;-0,564;-3,896;9,425;-0,0135;-0,093;0,225;16,050;0,265;-4,618;1,100;0,0063;-0,110;0,026
16,100;-0,746;-3,362;11,624;-0,0178;-0,080;0,277;16,100;0,036;-4,492;3,770;8,6250E-4;-0,107;0,090
16,150;-0,900;-2,733;13,509;-0,0215;-0,065;0,322;16,150;-0,184;-4,241;6,440;-0,0044;-0,101;0,154
16,200;-1,019;-2,011;14,765;-0,0243;-0,048;0,353;16,200;-0,388;-3,848;8,954;-0,0093;-0,092;0,214
16,250;-1,101;-1,257;15,394;-0,0263;-0,030;0,368;16,250;-0,569;-3,346;11,153;-0,0136;-0,080;0,266
16,300;-1,145;-0,471;14,923;-0,0273;-0,011;0,356;16,300;-0,723;-2,733;13,038;-0,0173;-0,065;0,311
16,350;-1,148;0,236;12,723;-0,0274;0,006;0,304;16,350;-0,842;-2,042;14,294;-0,0201;-0,049;0,341
16,400;-1,122;0,801;10,839;-0,0268;0,019;0,259;16,400;-0,927;-1,304;14,923;-0,0221;-0,031;0,356
16,450;-1,068;1,319;9,896;-0,0255;0,032;0,236;16,450;-0,972;-0,550;14,294;-0,0232;-0,013;0,341
16,500;-0,990;1,791;8,639;-0,0236;0,043;0,206;16,500;-0,982;0,126;12,566;-0,0234;0,003;0,300
16,550;-0,889;2,183;7,226;-0,0212;0,052;0,172;16,550;-0,960;0,707;10,681;-0,0229;0,017;0,255
16,600;-0,771;2,513;5,655;-0,0184;0,060;0,135;16,600;-0,911;1,194;9,111;-0,0218;0,028;0,218
16,650;-0,638;2,749;3,927;-0,0152;0,066;0,094;16,650;-0,840;1,618;8,011;-0,0201;0,039;0,191
16,700;-0,496;2,906;2,356;-0,0119;0,069;0,056;16,700;-0,749;1,995;7,069;-0,0179;0,048;0,169
16,750;-0,347;2,985;0,314;-0,0083;0,071;0,007;16,750;-0,641;2,325;5,655;-0,0153;0,055;0,135
16,800;-0,198;2,937;-1,571;-0,0047;0,070;-0,038;16,800;-0,517;2,560;3,927;-0,0123;0,061;0,094
16,850;-0,053;2,827;-2,985;-0,0013;0,067;-0,071;16,850;-0,385;2,717;2,356;-0,0092;0,065;0,056
16,900;0,085;2,639;-4,869;0,0020;0,063;-0,116;16,900;-0,245;2,796;0,628;-0,0059;0,067;0,015
16,950;0,210;2,340;-6,597;0,0050;0,056;-0,158;16,950;-0,105;2,780;-0,942;-0,0025;0,066;-0,023
17,000;0,319;1,979;-7,697;0,0076;0,047;-0,184;17,000;0,033;2,702;-2,513;7,8750E-4;0,064;-0,060
17,050;0,408;1,571;-8,639;0,0097;0,037;-0,206;17,050;0,165;2,529;-4,398;0,0039;0,060;-0,105
17,100;0,476;1,115;-9,268;0,0114;0,027;-0,221;17,100;0,286;2,262;-5,969;0,0068;0,054;-0,142
17,150;0,520;0,644;-9,425;0,0124;0,015;-0,225;17,150;0,391;1,932;-7,069;0,0093;0,046;-0,169
17,200;0,540;0,173;-8,325;0,0129;0,004;-0,199;17,200;0,479;1,555;-8,011;0,0114;0,037;-0,191
17,250;0,537;-0,188;-6,126;0,0128;-0,004;-0,146;17,250;0,547;1,131;-8,639;0,0130;0,027;-0,206
17,300;0,522;-0,440;-4,555;0,0124;-0,010;-0,109;17,300;0,592;0,691;-8,796;0,0141;0,016;-0,210
17,350;0,493;-0,644;-3,613;0,0118;-0,015;-0,086;17,350;0,616;0,251;-8,168;0,0147;0,006;-0,195
17,400;0,457;-0,801;-2,985;0,0109;-0,019;-0,071;17,400;0,617;-0,126;-6,126;0,0147;-0,003;-0,146
17,450;0,413;-0,942;-2,356;0,0099;-0,023;-0,056;17,450;0,603;-0,361;-4,084;0,0144;-0,009;-0,097
17,500;0,363;-1,037;-1,571;0,0087;-0,025;-0,037;17,500;0,581;-0,534;-3,299;0,0139;-0,013;-0,079
17,550;0,309;-1,100;-0,942;0,0074;-0,026;-0,022;17,550;0,550;-0,691;-2,827;0,0131;-0,016;-0,067
17,600;0,253;-1,131;-0,471;0,0060;-0,027;-0,011;17,600;0,512;-0,817;-2,356;0,0122;-0,019;-0,056
17,650;0,196;-1,147;-4,019E-13;0,0047;-0,027;-9,680E-15;17,650;0,468;-0,927;-1,885;0,0112;-0,022;-0,045
17,700;0,138;-1,131;0,785;0,0033;-0,027;0,019;17,700;0,419;-1,005;-1,257;0,0100;-0,024;-0,030
17,750;0,083;-1,068;1,571;0,0020;-0,025;0,038;17,750;0,368;-1,052;-0,471;0,0088;-0,025;-0,011
17,800;0,031;-0,974;2,042;7,5000E-4;-0,023;0,049;17,800;0,314;-1,052;0,314;0,0075;-0,025;0,007
17,850;-0,014;-0,864;2,356;-3,3750E-4;-0,021;0,056;17,850;0,262;-1,021;0,785;0,0063;-0,024;0,019
17,900;-0,055;-0,738;2,827;-0,0013;-0,018;0,067;17,900;0,212;-0,974;1,257;0,0051;-0,023;0,030
17,950;-0,088;-0,581;3,299;-0,0021;-0,014;0,079;17,950;0,165;-0,895;2,042;0,0039;-0,021;0,049
18,000;-0,113;-0,408;3,613;-0,0027;-0,010;0,086;18,000;0,123;-0,770;2,670;0,0029;-0,018;0,064
18,050;-0,129;-0,220;3,456;-0,0031;-0,005;0,083;18,050;0,088;-0,628;2,670;0,0021;-0,015;0,064
18,100;-0,135;-0,063;2,356;-0,0032;-0,001;0,056;18,100;0,060;-0,503;2,670;0,0014;-0,012;0,064
18,150;-0,135;0,016;1,100;-0,0032;3,750E-4;0,026;18,150;0,038;-0,361;3,142;9,0000E-4;-0,009;0,075
18,200;-0,134;0,047;0,314;-0,0032;0,001;0,007;18,200;0,024;-0,188;3,142;5,6250E-4;-0,005;0,075
18,250;-0,130;0,047;-0,314;-0,0031;0,001;-0,008;18,250;0,019;-0,047;1,885;4,5000E-4;-0,001;0,045
18,300;-0,129;0,016;-0,471;-0,0031;3,750E-4;-0,011;18,300;0,019;0,000;0,471;4,5000E-4;0,000;0,011
18,350;-0,129;0,000;5,586E-15;-0,0031;0,000;1,328E-16;18,350;0,019;0,000;0,157;4,5000E-4;0,000;0,004
18,400;-0,129;0,016;0,157;-0,0031;3,750E-4;0,004;18,400;0,019;0,016;0,157;4,5000E-4;3,750E-4;0,004
18,450;-0,127;0,016;-0,157;-0,0030;3,750E-4;-0,004;18,450;0,020;0,016;-0,157;4,8750E-4;3,750E-4;-0,004
18,500;-0,127;0,000;-0,157;-0,0030;0,000;-0,004;18,500;0,020;0,000;-0,157;4,8750E-4;0,000;-0,004
18,550;-0,127;0,000;0,000;-0,0030;0,000;0,000;18,550;0,020;0,000;0,157;4,8750E-4;0,000;0,004
18,600;-0,127;0,000;0,000;-0,0030;0,000;0,000;18,600;0,020;0,016;0,157;4,8750E-4;3,750E-4;0,004
18,650;-0,127;0,000;0,000;-0,0030;0,000;0,000;18,650;0,022;0,016;-0,157;5,2500E-4;3,750E-4;-0,004
18,700;-0,127;0,000;0,157;-0,0030;0,000;0,004;18,700;0,022;0,000;-0,157;5,2500E-4;0,000;-0,004
18,750;-0,127;0,016;0,157;-0,0030;3,750E-4;0,004;18,750;0,022;0,000;0,000;5,2500E-4;0,000;0,000
18,800;-0,126;0,016;-0,157;-0,0030;3,750E-4;-0,004;18,800;0,022;0,000;0,000;5,2500E-4;0,000;0,000
18,850;-0,126;0,000;-0,157;-0,0030;0,000;-0,004;18,850;0,022;0,000;0,157;5,2500E-4;0,000;0,004
18,900;-0,126;0,000;0,000;-0,0030;0,000;0,000;18,900;0,022;0,016;0,157;5,2500E-4;3,750E-4;0,004
18,950;-0,126;0,000;0,000;-0,0030;0,000;0,000;18,950;0,024;0,016;-0,157;5,6250E-4;3,750E-4;-0,004
19,000;-0,126;0,000;0,000;-0,0030;0,000;0,000;19,000;0,024;0,000;-0,157;5,6250E-4;0,000;-0,004
19,050;-0,126;0,000;0,000;-0,0030;0,000;0,000;19,050;0,024;0,000;0,000;5,6250E-4;0,000;0,000
19,100;-0,126;0,000;0,000;-0,0030;0,000;0,000;19,100;0,024;0,000;0,000;5,6250E-4;0,000;0,000
19,150;-0,126;0,000;0,157;-0,0030;0,000;0,004;19,150;0,024;0,000;0,000;5,6250E-4;0,000;0,000
19,200;-0,126;0,016;0,157;-0,0030;3,750E-4;0,004;19,200;0,024;0,000;0,000;5,6250E-4;0,000;0,000
19,250;-0,124;0,016;-0,157;-0,0030;3,750E-4;-0,004;19,250;0,024;0,000;0,000;5,6250E-4;0,000;0,000
19,300;-0,124;0,000;-0,157;-0,0030;0,000;-0,004;19,300;0,024;0,000;0,000;5,6250E-4;0,000;0,000
19,350;-0,124;0,000;0,000;-0,0030;0,000;0,000;19,350;0,024;0,000;0,000;5,6250E-4;0,000;0,000
19,400;-0,124;0,000;0,000;-0,0030;0,000;0,000;19,400;0,024;0,000;0,157;5,6250E-4;0,000;0,004
19,450;-0,124;0,000;0,000;-0,0030;0,000;0,000;19,450;0,024;0,016;0,157;5,6250E-4;3,750E-4;0,004
19,500;-0,124;0,000;0,000;-0,0030;0,000;0,000;19,500;0,025;0,016;-0,157;6,0000E-4;3,750E-4;-0,004
19,550;-0,124;0,000;0,000;-0,0030;0,000;0,000;19,550;0,025;0,000;-0,157;6,0000E-4;0,000;-0,004
19,600;-0,124;0,000;0,000;-0,0030;0,000;0,000;19,600;0,025;0,000;0,000;6,0000E-4;0,000;0,000
19,650;-0,124;0,000;0,000;-0,0030;0,000;0,000;19,650;0,025;0,000;;6,0000E-4;0,000;
19,700;-0,124;0,000;0,000;-0,0030;0,000;0,000;;;;;;;
19,750;-0,124;0,000;0,157;-0,0030;0,000;0,004;;;;;;;
19,800;-0,124;0,016;0,157;-0,0030;3,750E-4;0,004;;;;;;;
19,850;-0,123;0,016;-0,157;-0,0029;3,750E-4;-0,004;;;;;;;
19,900;-0,123;0,000;-0,157;-0,0029;0,000;-0,004;;;;;;;
19,950;-0,123;0,000;0,000;-0,0029;0,000;0,000;;;;;;;
20,000;-0,123;0,000;0,000;-0,0029;0,000;0,000;;;;;;;
20,050;-0,123;0,000;0,000;-0,0029;0,000;0,000;;;;;;;
20,100;-0,123;0,000;;-0,0029;0,000;;;;;;;;
