Messreihe #1;Messreihe #1;Messreihe #1;Messreihe #1;Messreihe #1;Messreihe #1;Messreihe #1;Messreihe #1;Messreihe #1
Zeit (s);Winkel (rad);Winkelgeschwindigkeit (rad/s);Winkelbeschleunigung (rad/s²);Position (m);Geschwindigkeit (m/s);Beschleunigung (m/s²);Beleuchtungsstärke (lux);Relative Intensität
0,000;;;;;;;0,0;0,0328827
0,200;0,000;;;0,0000000;;;0,0;0,0328979
0,400;0,000;0,000;;0,0000000;0,000;;0,0;0,0345001
0,600;0,000;0,012;0,069;0,0000000;2,812E-4;0,002;0,0;0,0333710
0,800;0,005;0,027;0,069;1,1250000E-4;6,563E-4;0,002;0,0;0,0341492
1,000;0,011;0,039;0,079;2,6250000E-4;9,375E-4;0,002;0,0;0,0327759
1,200;0,020;0,059;0,059;4,8750000E-4;0,001;0,001;0,0;0,0333252
1,400;0,035;0,063;-0,010;8,2500000E-4;0,002;-2,344E-4;0,0;0,0329132
1,600;0,046;0,055;0,010;0,0010875;0,001;2,344E-4;0,0;0,0343323
1,800;0,057;0,067;0,039;0,0013500;0,002;9,375E-4;0,0;0,0335388
2,000;0,072;0,071;-0,029;0,0017250;0,002;-7,031E-4;0,0;0,0316620
2,200;0,085;0,055;-0,059;0,0020250;0,001;-0,001;0,0;0,0321808
2,400;0,094;0,047;-0,010;0,0022500;0,001;-2,344E-4;0,0;0,0318909
2,600;0,104;0,051;0,029;0,0024750;0,001;7,031E-4;0,0;0,0319519
2,800;0,115;0,059;0,029;0,0027375;0,001;7,031E-4;0,0;0,0323181
3,000;0,127;0,063;0,010;0,0030375;0,002;2,344E-4;0,0;0,0319672
3,200;0,140;0,063;-0,010;0,0033375;0,001;-2,344E-4;0,0;0,0322571
3,400;0,152;0,059;-0,020;0,0036375;0,001;-4,687E-4;0,0;0,0311890
3,600;0,163;0,055;-0,010;0,0039000;0,001;-2,344E-4;0,0;0,0313721
3,800;0,174;0,055;0,000;0,0041625;0,001;-2,711E-18;0,0;0,0327759
4,000;0,185;0,055;-1,561E-16;0,0044250;0,001;-3,253E-18;0,0;0,0348969
4,200;0,196;0,055;-1,561E-16;0,0046875;0,001;-3,253E-18;0,0;0,0346527
4,400;0,207;0,055;-0,010;0,0049500;0,001;-2,344E-4;0,0;0,0329132
4,600;0,218;0,051;-0,020;0,0052125;0,001;-4,687E-4;0,0;0,0320282
4,800;0,228;0,047;2,949E-16;0,0054375;0,001;6,505E-18;0,0;0,0312805
5,000;0,237;0,051;0,010;0,0056625;0,001;2,344E-4;0,0;0,0309601
5,200;0,248;0,051;-0,010;0,0059250;0,001;-2,344E-4;0,0;0,0325165
5,400;0,258;0,047;-1,735E-16;0,0061500;0,001;0,000;0,0;0,0327606
5,600;0,267;0,051;0,020;0,0063750;0,001;4,687E-4;0,0;0,0326996
5,800;0,278;0,055;2,949E-16;0,0066375;0,001;6,505E-18;0,0;0,0331573
6,000;0,289;0,051;-0,010;0,0069000;0,001;-2,344E-4;0,0;0,0316010
6,200;0,298;0,051;0,020;0,0071250;0,001;4,687E-4;0,0;0,0318451
6,400;0,309;0,059;0,010;0,0073875;0,001;2,344E-4;0,0;0,0359650
6,600;0,322;0,055;-0,039;0,0076875;0,001;-9,375E-4;0,0;0,0378418
6,800;0,331;0,043;-0,029;0,0079125;0,001;-7,031E-4;0,0;0,0389252
7,000;0,339;0,043;0,020;0,0081000;0,001;4,687E-4;0,0;0,0373077
7,200;0,349;0,051;0,029;0,0083250;0,001;7,031E-4;0,0;0,0332794
7,400;0,360;0,055;0,000;0,0085875;0,001;0,000;0,0;0,0313110
7,600;0,371;0,051;-0,029;0,0088500;0,001;-7,031E-4;0,0;0,0318146
7,800;0,380;0,043;-0,029;0,0090750;0,001;-7,031E-4;0,0;0,0340881
8,000;0,388;0,039;0,029;0,0092625;9,375E-4;7,031E-4;0,0;0,0365448
8,200;0,396;0,055;0,049;0,0094500;0,001;0,001;0,0;0,0370178
8,400;0,410;0,059;-0,039;0,0097875;0,001;-9,375E-4;0,0;0,0359650
8,600;0,419;0,039;-0,049;0,0100125;9,375E-4;-0,001;0,0;0,0348969
8,800;0,426;0,039;0,039;0,0101625;9,375E-4;9,375E-4;0,0;0,0330505
9,000;0,435;0,055;0,049;0,0103875;0,001;0,001;0,0;0,0345612
9,200;0,448;0,059;-0,010;0,0106875;0,001;-2,344E-4;0,0;0,0361481
9,400;0,459;0,051;-0,010;0,0109500;0,001;-2,344E-4;0,0;0,0396118
9,600;0,468;0,055;0,010;0,0111750;0,001;2,344E-4;0,0;0,0431824
9,800;0,481;0,055;3,469E-16;0,0114750;0,001;0,000;0,0;0,0407715
10,000;0,490;0,055;0,020;0,0117000;0,001;4,687E-4;0,0;0,0381165
10,200;0,503;0,063;-0,010;0,0120000;0,001;-2,344E-4;0,0;0,0351410
10,400;0,515;0,051;-0,039;0,0123000;0,001;-9,375E-4;0,0;0,0355530
10,600;0,523;0,047;0,010;0,0124875;0,001;2,344E-4;0,0;0,0371399
10,800;0,534;0,055;0,029;0,0127500;0,001;7,031E-4;0,0;0,0381012
11,000;0,545;0,059;-0,020;0,0130125;0,001;-4,688E-4;0,0;0,0379181
11,200;0,558;0,047;-0,039;0,0133125;0,001;-9,375E-4;0,0;0,0367126
11,400;0,564;0,043;0,020;0,0134625;0,001;4,688E-4;0,0;0,0343781
11,600;0,575;0,055;0,059;0,0137250;0,001;0,001;0,0;0,0355225
11,800;0,586;0,067;-0,010;0,0139875;0,002;-2,344E-4;0,0;0,0391541
12,000;0,602;0,051;-0,079;0,0143625;0,001;-0,002;0,0;0,0426788
12,200;0,606;0,035;0,000;0,0144750;8,437E-4;0,000;0,0;0,0464783
12,400;0,616;0,051;0,049;0,0147000;0,001;0,001;0,0;0,0446014
12,600;0,627;0,055;-0,010;0,0149625;0,001;-2,344E-4;0,0;0,0421753
12,800;0,638;0,047;-0,020;0,0152250;0,001;-4,688E-4;0,0;0,0376587
13,000;0,646;0,047;0,029;0,0154125;0,001;7,031E-4;0,0;0,0366364
13,200;0,657;0,059;0,039;0,0156750;0,001;9,375E-4;0,0;0,0375671
13,400;0,669;0,063;-0,010;0,0159750;0,002;-2,344E-4;0,0;0,0379791
13,600;0,682;0,055;-0,029;0,0162750;0,001;-7,031E-4;0,0;0,0365448
13,800;0,691;0,051;0,000;0,0165000;0,001;-2,168E-17;0,0;0,0369110
14,000;0,702;0,055;0,020;0,0167625;0,001;4,688E-4;0,0;0,0378418
14,200;0,713;0,059;0,020;0,0170250;0,001;4,688E-4;0,0;0,0388031
14,400;0,726;0,063;-0,020;0,0173250;0,002;-4,687E-4;0,0;0,0412750
14,600;0,738;0,051;-0,069;0,0176250;0,001;-0,002;0,0;0,0465851
14,800;0,746;0,035;-0,010;0,0178125;8,438E-4;-2,344E-4;0,0;0,0496674
15,000;0,752;0,047;0,069;0,0179625;0,001;0,002;0,0;0,0478058
15,200;0,765;0,063;0,020;0,0182625;0,002;4,687E-4;0,0;0,0447388
15,400;0,778;0,055;-0,029;0,0185625;0,001;-7,031E-4;0,0;0,0396271
15,600;0,787;0,051;6,072E-16;0,0187875;0,001;-7,047E-18;0,0;0,0377655
15,800;0,798;0,055;-0,010;0,0190500;0,001;-2,344E-4;0,0;0,0397644
16,000;0,809;0,047;-0,020;0,0193125;0,001;-4,688E-4;0,0;0,0399628
16,200;0,817;0,047;0,010;0,0195000;0,001;2,344E-4;0,0;0,0404816
16,400;0,828;0,051;-0,010;0,0197625;0,001;-2,344E-4;0,0;0,0408936
16,600;0,837;0,043;-0,020;0,0199875;0,001;-4,687E-4;0,0;0,0395203
16,800;0,845;0,043;0,010;0,0201750;0,001;2,344E-4;0,0;0,0385437
17,000;0,855;0,047;0,010;0,0204000;0,001;2,344E-4;0,0;0,0375366
17,200;0,864;0,047;0,010;0,0206250;0,001;2,344E-4;0,0;0,0408936
17,400;0,873;0,051;0,029;0,0208500;0,001;7,031E-4;0,1;0,0523987
17,600;0,884;0,059;0,010;0,0211125;0,001;2,344E-4;0,1;0,0576172
17,800;0,897;0,055;-0,039;0,0214125;0,001;-9,375E-4;0,1;0,0543213
18,000;0,906;0,043;-0,029;0,0216375;0,001;-7,031E-4;0,0;0,0477600
18,200;0,914;0,043;0,010;0,0218250;0,001;2,344E-4;0,0;0,0396576
18,400;0,924;0,047;0,020;0,0220500;0,001;4,688E-4;0,0;0,0375519
18,600;0,933;0,051;0,010;0,0222750;0,001;2,344E-4;0,0;0,0387421
18,800;0,944;0,051;-0,020;0,0225375;0,001;-4,688E-4;0,0;0,0394440
19,000;0,953;0,043;-0,020;0,0227625;0,001;-4,688E-4;0,0;0,0378571
19,200;0,961;0,043;0,020;0,0229500;0,001;4,688E-4;0,0;0,0380554
19,400;0,971;0,051;0,020;0,0231750;0,001;4,688E-4;0,0;0,0387878
19,600;0,982;0,051;-0,039;0,0234375;0,001;-9,375E-4;0,0;0,0390167
19,800;0,991;0,035;-0,020;0,0236625;8,438E-4;-4,687E-4;0,0;0,0390015
20,000;0,996;0,043;0,059;0,0237750;0,001;0,001;0,0;0,0418091
20,200;1,008;0,059;1,648E-15;0,0240750;0,001;1,084E-18;0,1;0,0548096
20,400;1,019;0,043;-0,059;0,0243375;0,001;-0,001;0,1;0,0598145
20,600;1,026;0,035;-0,010;0,0244875;8,438E-4;-2,344E-4;0,1;0,0651398
20,800;1,034;0,039;0,020;0,0246750;9,375E-4;4,687E-4;0,1;0,0638580
21,000;1,041;0,043;0,029;0,0248625;0,001;7,031E-4;0,1;0,0500488
21,200;1,051;0,051;0,010;0,0250875;0,001;2,344E-4;0,0;0,0401459
21,400;1,062;0,047;-0,029;0,0253500;0,001;-7,031E-4;0,0;0,0398560
21,600;1,070;0,039;0,010;0,0255375;9,375E-4;2,344E-4;0,0;0,0416412
21,800;1,078;0,051;0,029;0,0257250;0,001;7,031E-4;0,0;0,0432892
22,000;1,090;0,051;-0,029;0,0260250;0,001;-7,031E-4;0,0;0,0416565
22,200;1,098;0,039;-0,020;0,0262125;9,375E-4;-4,687E-4;0,0;0,0422211
22,400;1,106;0,043;0,010;0,0264000;0,001;2,344E-4;0,0;0,0415039
22,600;1,115;0,043;-0,010;0,0266250;0,001;-2,344E-4;0,0;0,0418396
22,800;1,123;0,039;-9,541E-16;0,0268125;9,375E-4;-2,277E-17;0,0;0,0385437
23,000;1,131;0,043;0,029;0,0270000;0,001;7,031E-4;0,0;0,0413666
23,200;1,140;0,051;0,010;0,0272250;0,001;2,344E-4;0,0;0,0472717
23,400;1,151;0,047;1,128E-15;0,0274875;0,001;4,879E-17;0,1;0,0634155
23,600;1,159;0,051;-1,388E-15;0,0276750;0,001;2,168E-17;0,1;0,0762634
23,800;1,172;0,047;-0,029;0,0279750;0,001;-7,031E-4;0,1;0,0688324
24,000;1,178;0,039;-1,041E-15;0,0281250;9,375E-4;-4,662E-17;0,1;0,0597839
24,200;1,188;0,047;0,029;0,0283500;0,001;7,031E-4;0,0;0,0466003
24,400;1,197;0,051;0,010;0,0285750;0,001;2,344E-4;0,0;0,0433350
24,600;1,208;0,051;-0,020;0,0288375;0,001;-4,687E-4;0,0;0,0451508
24,800;1,217;0,043;-0,010;0,0290625;0,001;-2,344E-4;0,0;0,0439606
25,000;1,225;0,047;0,010;0,0292500;0,001;2,344E-4;0,0;0,0436554
25,200;1,236;0,047;1,041E-15;0,0295125;0,001;2,494E-17;0,0;0,0454254
25,400;1,244;0,047;1,041E-15;0,0297000;0,001;2,494E-17;0,1;0,0518494
25,600;1,255;0,047;-0,020;0,0299625;0,001;-4,687E-4;0,1;0,0523987
25,800;1,263;0,039;-0,010;0,0301500;9,375E-4;-2,344E-4;0,0;0,0498199
26,000;1,271;0,043;0,029;0,0303375;0,001;7,031E-4;0,0;0,0475769
26,200;1,280;0,051;0,010;0,0305625;0,001;2,344E-4;0,1;0,0624847
26,400;1,291;0,047;-0,029;0,0308250;0,001;-7,031E-4;0,1;0,0787354
26,600;1,299;0,039;-0,029;0,0310125;9,375E-4;-7,031E-4;0,1;0,0885315
26,800;1,307;0,035;-2,255E-15;0,0312000;8,437E-4;-2,087E-17;0,1;0,0894775
27,000;1,313;0,039;0,059;0,0313500;9,375E-4;0,001;0,1;0,0788574
27,200;1,323;0,059;0,029;0,0315750;0,001;7,031E-4;0,1;0,0568542
27,400;1,337;0,051;-0,049;0,0319125;0,001;-0,001;0,1;0,0515900
27,600;1,343;0,039;-0,020;0,0320625;9,375E-4;-4,687E-4;0,0;0,0498962
27,800;1,352;0,043;0,010;0,0322875;0,001;2,344E-4;0,0;0,0485229
28,000;1,360;0,043;-9,541E-16;0,0324750;0,001;-2,277E-17;0,0;0,0484924
28,200;1,370;0,043;-0,010;0,0327000;0,001;-2,344E-4;0,1;0,0536346
28,400;1,378;0,039;9,541E-16;0,0328875;9,375E-4;2,277E-17;0,1;0,0596619
28,600;1,385;0,043;0,020;0,0330750;0,001;4,688E-4;0,1;0,0601349
28,800;1,395;0,047;0,020;0,0333000;0,001;4,687E-4;0,1;0,0546112
29,000;1,404;0,051;-0,010;0,0335250;0,001;-2,344E-4;0,0;0,0494537
29,200;1,415;0,043;-0,049;0,0337875;0,001;-0,001;0,1;0,0607758
29,400;1,422;0,031;-0,029;0,0339375;7,500E-4;-7,031E-4;0,1;0,0833893
29,600;1,428;0,031;0,020;0,0340875;7,500E-4;4,688E-4;0,1;0,0954437
29,800;1,434;0,039;0,049;0,0342375;9,375E-4;0,001;0,1;0,1151733
30,000;1,444;0,051;0,010;0,0344625;0,001;2,344E-4;0,1;0,1045074
30,200;1,455;0,043;-0,029;0,0347250;0,001;-7,031E-4;0,1;0,0783386
30,400;1,461;0,039;0,020;0,0348750;9,375E-4;4,688E-4;0,1;0,0540161
30,600;1,470;0,051;0,029;0,0351000;0,001;7,031E-4;0,0;0,0488892
30,800;1,481;0,051;-0,020;0,0353625;0,001;-4,688E-4;0,0;0,0471954
31,000;1,491;0,043;-0,039;0,0355875;0,001;-9,375E-4;0,0;0,0476532
31,200;1,499;0,035;-0,010;0,0357750;8,437E-4;-2,344E-4;0,1;0,0500183
31,400;1,505;0,039;0,039;0,0359250;9,375E-4;9,375E-4;0,1;0,0551605
31,600;1,514;0,051;0,020;0,0361500;0,001;4,687E-4;0,1;0,0703430
31,800;1,525;0,047;-0,020;0,0364125;0,001;-4,688E-4;0,1;0,0722961
32,000;1,533;0,043;-0,020;0,0366000;0,001;-4,687E-4;0,1;0,0621185
32,200;1,543;0,039;-0,010;0,0368250;9,375E-4;-2,344E-4;0,1;0,0591125
32,400;1,549;0,039;0,020;0,0369750;9,375E-4;4,687E-4;0,1;0,0652161
32,600;1,558;0,047;0,010;0,0372000;0,001;2,344E-4;0,1;0,0980530
32,800;1,568;0,043;-0,039;0,0374250;0,001;-9,375E-4;0,1;0,1300049
33,000;1,576;0,031;-0,039;0,0376125;7,500E-4;-9,375E-4;0,1;0,1436920
33,200;1,580;0,027;0,020;0,0377250;6,562E-4;4,687E-4;0,1;0,1378632
33,400;1,587;0,039;0,049;0,0378750;9,375E-4;0,001;0,1;0,1233215
33,600;1,596;0,047;0,010;0,0381000;0,001;2,344E-4;0,1;0,0865326
33,800;1,605;0,043;-0,010;0,0383250;0,001;-2,344E-4;0,1;0,0650330
34,000;1,613;0,043;0,010;0,0385125;0,001;2,344E-4;0,1;0,0533600
34,200;1,623;0,047;-0,010;0,0387375;0,001;-2,344E-4;0,1;0,0526733
34,400;1,632;0,039;-0,020;0,0389625;9,375E-4;-4,688E-4;0,1;0,0536499
34,600;1,638;0,039;0,029;0,0391125;9,375E-4;7,031E-4;0,1;0,0635834
34,800;1,648;0,051;0,020;0,0393375;0,001;4,688E-4;0,1;0,0812836
35,000;1,659;0,047;-0,039;0,0396000;0,001;-9,375E-4;0,1;0,0858002
35,200;1,667;0,035;-0,020;0,0397875;8,437E-4;-4,687E-4;0,1;0,0734406
35,400;1,673;0,039;0,029;0,0399375;9,375E-4;7,031E-4;0,1;0,0641632
35,600;1,682;0,047;0,020;0,0401625;0,001;4,688E-4;0,1;0,0630951
35,800;1,692;0,047;-0,020;0,0403875;0,001;-4,687E-4;0,1;0,1038666
36,000;1,701;0,039;-0,029;0,0406125;9,375E-4;-7,031E-4;0,1;0,1445007
36,200;1,707;0,035;-0,010;0,0407625;8,437E-4;-2,344E-4;0,2;0,1696930
36,400;1,715;0,035;0,010;0,0409500;8,437E-4;2,344E-4;0,2;0,1683197
36,600;1,722;0,039;0,029;0,0411000;9,375E-4;7,031E-4;0,1;0,1402588
36,800;1,731;0,047;-0,020;0,0413250;0,001;-4,687E-4;0,1;0,0920410
37,000;1,740;0,031;-0,079;0,0415500;7,500E-4;-0,002;0,1;0,0706024
37,200;1,744;0,016;-0,020;0,0416250;3,750E-4;-4,688E-4;0,1;0,0607605
37,400;1,747;0,024;0,029;0,0417000;5,625E-4;7,031E-4;0,1;0,0557709
37,600;1,753;0,027;1,388E-15;0,0418500;6,562E-4;4,337E-17;0,1;0,0503845
37,800;1,758;0,024;-0,010;0,0419625;5,625E-4;-2,344E-4;0,0;0,0491638
38,000;1,762;0,024;-1,050E-15;0,0420750;5,625E-4;-2,494E-17;0,0;0,0496368
38,200;1,767;0,024;-0,010;0,0421875;5,625E-4;-2,344E-4;0,1;0,0514069
38,400;1,772;0,020;-0,010;0,0423000;4,688E-4;-2,344E-4;0,1;0,0541534
38,600;1,775;0,020;0,010;0,0423750;4,688E-4;2,344E-4;0,1;0,0634308
38,800;1,780;0,024;0,010;0,0424875;5,625E-4;2,344E-4;0,1;0,0797729
39,000;1,784;0,024;0,010;0,0426000;5,625E-4;2,344E-4;0,1;0,0980225
39,200;1,789;0,027;0,020;0,0427125;6,562E-4;4,687E-4;0,1;0,1074677
39,400;1,795;0,031;1,223E-15;0,0428625;7,500E-4;2,927E-17;0,1;0,1195526
39,600;1,802;0,027;-0,010;0,0430125;6,562E-4;-2,344E-4;0,1;0,1173096
39,800;1,806;0,027;0,010;0,0431250;6,562E-4;2,344E-4;0,1;0,0970001
40,000;1,813;0,031;-1,223E-15;0,0432750;7,500E-4;-2,927E-17;0,1;0,0757599
40,200;1,819;0,027;-0,020;0,0434250;6,562E-4;-4,687E-4;0,1;0,0699005
40,400;1,824;0,024;-0,020;0,0435375;5,625E-4;-4,687E-4;0,1;0,0687714
40,600;1,828;0,020;-0,010;0,0436500;4,688E-4;-2,344E-4;0,1;0,0825195
40,800;1,832;0,020;0,029;0,0437250;4,688E-4;7,031E-4;0,1;0,1100311
41,000;1,836;0,031;0,020;0,0438375;7,500E-4;4,687E-4;0,2;0,1664429
41,200;1,844;0,027;-0,020;0,0440250;6,562E-4;-4,688E-4;0,2;0,1974335
41,400;1,847;0,024;0,010;0,0441000;5,625E-4;2,344E-4;0,2;0,2172699
41,600;1,854;0,031;0,020;0,0442500;7,500E-4;4,688E-4;0,2;0,2298126
41,800;1,860;0,031;0,010;0,0444000;7,500E-4;2,344E-4;0,2;0,2094879
42,000;1,866;0,035;0,029;0,0445500;8,437E-4;7,031E-4;0,2;0,1610565
42,200;1,874;0,043;0,020;0,0447375;0,001;4,688E-4;0,1;0,1129456
42,400;1,883;0,043;-0,020;0,0449625;0,001;-4,687E-4;0,1;0,0982666
42,600;1,891;0,035;-0,020;0,0451500;8,437E-4;-4,688E-4;0,1;0,0832062
42,800;1,898;0,035;-0,010;0,0453000;8,437E-4;-2,344E-4;0,1;0,0801239
43,000;1,905;0,031;-0,010;0,0454875;7,500E-4;-2,344E-4;0,1;0,0890808
43,200;1,910;0,031;0,020;0,0456000;7,500E-4;4,687E-4;0,1;0,1146088
43,400;1,918;0,039;0,010;0,0457875;9,375E-4;2,344E-4;0,1;0,1327057
43,600;1,926;0,035;-0,020;0,0459750;8,437E-4;-4,688E-4;0,2;0,1540222
43,800;1,932;0,031;0,000;0,0461250;7,500E-4;0,000;0,2;0,1630554
44,000;1,938;0,035;0,010;0,0462750;8,437E-4;2,344E-4;0,1;0,1433563
44,200;1,946;0,035;-0,020;0,0464625;8,437E-4;-4,687E-4;0,1;0,1092529
44,400;1,953;0,027;1,561E-15;0,0466125;6,562E-4;8,104E-17;0,1;0,0950165
44,600;1,957;0,035;0,020;0,0467250;8,438E-4;4,688E-4;0,1;0,1006012
44,800;1,967;0,035;-0,039;0,0469500;8,438E-4;-9,375E-4;0,1;0,1360779
45,000;1,971;0,020;-0,029;0,0470625;4,688E-4;-7,031E-4;0,2;0,1681976
45,200;1,974;0,024;0,039;0,0471375;5,625E-4;9,375E-4;0,2;0,2283936
45,400;1,981;0,035;0,029;0,0472875;8,437E-4;7,031E-4;0,3;0,2839966
45,600;1,989;0,035;-0,010;0,0474750;8,437E-4;-2,344E-4;0,3;0,2839050
45,800;1,995;0,031;-1,388E-15;0,0476250;7,500E-4;0,000;0,3;0,2575531
46,000;2,001;0,035;0,020;0,0477750;8,437E-4;4,687E-4;0,2;0,1952362
46,200;2,009;0,039;-0,020;0,0479625;9,375E-4;-4,687E-4;0,2;0,1504669
46,400;2,017;0,027;-0,029;0,0481500;6,562E-4;-7,031E-4;0,1;0,1336823
46,600;2,020;0,027;0,020;0,0482250;6,562E-4;4,688E-4;0,1;0,1103058
46,800;2,028;0,035;0,010;0,0484125;8,437E-4;2,344E-4;0,1;0,1033325
47,000;2,034;0,031;-0,010;0,0485625;7,500E-4;-2,344E-4;0,1;0,1013947
47,200;2,040;0,031;0,000;0,0487125;7,500E-4;0,000;0,1;0,1133728
47,400;2,047;0,031;1,388E-15;0,0488625;7,500E-4;3,334E-17;0,1;0,1454773
47,600;2,053;0,031;0,000;0,0490125;7,500E-4;0,000;0,2;0,2001953
47,800;2,059;0,031;0,020;0,0491625;7,500E-4;4,688E-4;0,3;0,2583466
48,000;2,066;0,039;0,010;0,0493125;9,375E-4;2,344E-4;0,3;0,2891083
48,200;2,075;0,035;-0,049;0,0495375;8,437E-4;-0,001;0,3;0,2800598
48,400;2,080;0,020;-0,029;0,0496500;4,688E-4;-7,031E-4;0,3;0,2555542
48,600;2,083;0,024;0,029;0,0497250;5,625E-4;7,031E-4;0,2;0,1923523
48,800;2,089;0,031;0,010;0,0498750;7,500E-4;2,344E-4;0,2;0,1504974
49,000;2,095;0,027;-0,010;0,0500250;6,562E-4;-2,344E-4;0,1;0,1288910
49,200;2,100;0,027;0,020;0,0501375;6,562E-4;4,687E-4;0,1;0,1341553
49,400;2,106;0,035;0,020;0,0502875;8,437E-4;4,688E-4;0,3;0,2552032
49,600;2,114;0,035;-0,020;0,0504750;8,437E-4;-4,688E-4;0,4;0,3657684
49,800;2,121;0,027;-0,020;0,0506250;6,562E-4;-4,688E-4;0,4;0,4193420
50,000;2,125;0,027;0,010;0,0507375;6,562E-4;2,344E-4;0,4;0,4479675
50,200;2,132;0,031;0,000;0,0508875;7,500E-4;0,000;0,4;0,4301605
50,400;2,138;0,027;-0,020;0,0510375;6,562E-4;-4,687E-4;0,4;0,4082489
50,600;2,143;0,024;0,000;0,0511500;5,625E-4;0,000;0,4;0,3690796
50,800;2,147;0,027;0,020;0,0512625;6,562E-4;4,687E-4;0,3;0,2525177
51,000;2,154;0,031;-1,223E-15;0,0514125;7,500E-4;-2,927E-17;0,2;0,1805725
51,200;2,160;0,027;-0,010;0,0515625;6,562E-4;-2,344E-4;0,1;0,1428070
51,400;2,165;0,027;1,223E-15;0,0516750;6,562E-4;2,927E-17;0,1;0,1327209
51,600;2,171;0,027;-0,020;0,0518250;6,562E-4;-4,688E-4;0,1;0,1394196
51,800;2,176;0,020;-0,029;0,0519375;4,688E-4;-7,031E-4;0,2;0,1557007
52,000;2,179;0,016;-8,674E-16;0,0520125;3,750E-4;-2,087E-17;0,2;0,1831970
52,200;2,182;0,020;0,029;0,0520875;4,687E-4;7,031E-4;0,2;0,2387390
52,400;2,187;0,027;0,029;0,0522000;6,562E-4;7,031E-4;0,4;0,3576813
52,600;2,193;0,031;0,000;0,0523500;7,500E-4;0,000;0,5;0,4585724
52,800;2,199;0,027;-0,010;0,0525000;6,562E-4;-2,344E-4;0,5;0,4840698
53,000;2,204;0,027;-1,223E-15;0,0526125;6,562E-4;-2,927E-17;0,5;0,5091095
53,200;2,210;0,027;-0,020;0,0527625;6,562E-4;-4,687E-4;0,5;0,4769745
53,400;2,215;0,020;-0,010;0,0528750;4,688E-4;-2,344E-4;0,4;0,4297333
53,600;2,218;0,024;0,029;0,0529500;5,625E-4;7,031E-4;0,3;0,3021545
53,800;2,224;0,031;0,020;0,0531000;7,500E-4;4,688E-4;0,2;0,2202911
54,000;2,231;0,031;-0,010;0,0532500;7,500E-4;-2,344E-4;0,2;0,1729431
54,200;2,237;0,027;-0,020;0,0534000;6,562E-4;-4,687E-4;0,2;0,1885986
54,400;2,242;0,024;1,223E-15;0,0535125;5,625E-4;2,927E-17;0,3;0,2858734
54,600;2,246;0,027;0,020;0,0536250;6,562E-4;4,687E-4;0,4;0,3930054
54,800;2,253;0,031;0,000;0,0537750;7,500E-4;0,000;0,5;0,5016327
55,000;2,259;0,027;-0,020;0,0539250;6,562E-4;-4,687E-4;0,5;0,5459595
55,200;2,264;0,024;0,010;0,0540375;5,625E-4;2,344E-4;0,6;0,5723877
55,400;2,268;0,031;0,020;0,0541500;7,500E-4;4,688E-4;0,5;0,5056763
55,600;2,276;0,031;-0,020;0,0543375;7,500E-4;-4,688E-4;0,5;0,4573517
55,800;2,281;0,024;-0,010;0,0544500;5,625E-4;-2,344E-4;0,4;0,3675385
56,000;2,286;0,027;0,010;0,0545625;6,562E-4;2,344E-4;0,3;0,2700806
56,200;2,292;0,027;-0,020;0,0547125;6,562E-4;-4,687E-4;0,2;0,2223358
56,400;2,297;0,020;-0,010;0,0548250;4,688E-4;-2,344E-4;0,2;0,1958618
56,600;2,300;0,024;0,029;0,0549000;5,625E-4;7,031E-4;0,2;0,1732635
56,800;2,306;0,031;0,020;0,0550500;7,500E-4;4,688E-4;0,2;0,1771545
57,000;2,312;0,031;-0,010;0,0552000;7,500E-4;-2,344E-4;0,2;0,2346802
57,200;2,318;0,027;-0,020;0,0553500;6,562E-4;-4,687E-4;0,4;0,3698578
57,400;2,323;0,024;-0,020;0,0554625;5,625E-4;-4,687E-4;0,5;0,5195313
57,600;2,328;0,020;-0,010;0,0555750;4,688E-4;-2,344E-4;0,6;0,6382599
57,800;2,331;0,020;0,020;0,0556500;4,688E-4;4,688E-4;0,7;0,7314606
58,000;2,336;0,027;0,010;0,0557625;6,562E-4;2,344E-4;0,8;0,8227081
58,200;2,342;0,024;-0,010;0,0559125;5,625E-4;-2,344E-4;0,8;0,8436890
58,400;2,345;0,024;0,020;0,0559875;5,625E-4;4,688E-4;0,8;0,8216858
58,600;2,351;0,031;0,020;0,0561375;7,500E-4;4,688E-4;0,7;0,7348480
58,800;2,358;0,031;0,000;0,0562875;7,500E-4;0,000;0,5;0,4748383
59,000;2,364;0,031;-0,010;0,0564375;7,500E-4;-2,344E-4;0,3;0,2954102
59,200;2,370;0,027;-0,029;0,0565875;6,562E-4;-7,031E-4;0,3;0,2739716
59,400;2,375;0,020;-0,020;0,0567000;4,688E-4;-4,687E-4;0,3;0,3007202
59,600;2,378;0,020;0,020;0,0567750;4,688E-4;4,688E-4;0,4;0,3825378
59,800;2,383;0,027;0,029;0,0568875;6,562E-4;7,031E-4;0,4;0,4368286
60,000;2,389;0,031;0,010;0,0570375;7,500E-4;2,344E-4;0,6;0,6107330
60,200;2,395;0,031;-0,010;0,0571875;7,500E-4;-2,344E-4;0,7;0,7425232
60,400;2,402;0,027;-0,020;0,0573375;6,562E-4;-4,687E-4;0,8;0,7838440
60,600;2,406;0,024;-0,010;0,0574500;5,625E-4;-2,344E-4;0,8;0,7677155
60,800;2,411;0,024;0,000;0,0575625;5,625E-4;0,000;0,7;0,7292938
61,000;2,416;0,024;-1,050E-15;0,0576750;5,625E-4;-2,494E-17;0,7;0,6876831
61,200;2,421;0,024;0,029;0,0577875;5,625E-4;7,031E-4;0,6;0,6275024
61,400;2,425;0,035;0,010;0,0579000;8,438E-4;2,344E-4;0,5;0,4838104
61,600;2,435;0,027;-0,020;0,0581250;6,563E-4;-4,688E-4;0,5;0,4703674
61,800;2,436;0,027;0,020;0,0581625;6,563E-4;4,688E-4;0,4;0,4111786
62,000;2,446;0,035;-1,223E-15;0,0583875;8,438E-4;-7,264E-17;0,5;0,5355225
62,200;2,450;0,027;-0,010;0,0585000;6,562E-4;-2,344E-4;1,0;0,9708099
62,400;2,457;0,031;1,223E-15;0,0586500;7,500E-4;2,927E-17;1,5;1,4871979
62,600;2,463;0,027;-0,010;0,0588000;6,562E-4;-2,344E-4;2,0;1,9781189
62,800;2,468;0,027;0,000;0,0589125;6,562E-4;0,000;2,4;2,3982544
63,000;2,474;0,027;-0,010;0,0590625;6,562E-4;-2,344E-4;2,6;2,5906067
63,200;2,479;0,024;-0,010;0,0591750;5,625E-4;-2,344E-4;2,6;2,5797729
63,400;2,483;0,024;0,020;0,0592875;5,625E-4;4,688E-4;2,3;2,2565002
63,600;2,488;0,031;0,029;0,0594000;7,500E-4;7,031E-4;1,7;1,7365875
63,800;2,496;0,035;-0,010;0,0595875;8,437E-4;-2,344E-4;1,1;1,0822449
64,000;2,502;0,027;-0,029;0,0597375;6,562E-4;-7,031E-4;0,8;0,7617645
64,200;2,507;0,024;-1,223E-15;0,0598500;5,625E-4;-2,927E-17;0,6;0,6116638
64,400;2,512;0,027;2,099E-15;0,0599625;6,562E-4;6,776E-18;0,7;0,6787567
64,600;2,518;0,024;-0,010;0,0601125;5,625E-4;-2,344E-4;0,8;0,7785645
64,800;2,521;0,024;0,010;0,0601875;5,625E-4;2,344E-4;1,1;1,0977783
65,000;2,527;0,027;-2,099E-15;0,0603375;6,562E-4;-6,776E-18;1,3;1,3140869
65,200;2,532;0,024;-0,020;0,0604500;5,625E-4;-4,687E-4;1,4;1,4289246
65,400;2,537;0,020;-0,010;0,0605625;4,687E-4;-2,344E-4;1,5;1,4620056
65,600;2,540;0,020;1,743E-15;0,0606375;4,688E-4;4,161E-17;1,5;1,4643402
65,800;2,545;0,020;0,010;0,0607500;4,688E-4;2,344E-4;1,5;1,4671326
66,000;2,548;0,024;0,029;0,0608250;5,625E-4;7,031E-4;1,5;1,4790344
66,200;2,554;0,031;0,000;0,0609750;7,500E-4;0,000;1,5;1,5032654
66,400;2,560;0,024;-0,020;0,0611250;5,625E-4;-4,687E-4;1,5;1,5088501
66,600;2,564;0,024;0,020;0,0612000;5,625E-4;4,688E-4;1,5;1,4996185
66,800;2,570;0,031;0,010;0,0613500;7,500E-4;2,344E-4;1,8;1,7921143
67,000;2,576;0,027;-0,029;0,0615000;6,562E-4;-7,031E-4;2,4;2,3878174
67,200;2,581;0,020;-0,029;0,0616125;4,687E-4;-7,031E-4;3,3;3,2507782
67,400;2,584;0,016;1,743E-15;0,0616875;3,750E-4;4,161E-17;4,1;4,1124725
67,600;2,587;0,020;0,020;0,0617625;4,688E-4;4,688E-4;5,8;5,8469238
67,800;2,592;0,024;0,020;0,0618750;5,625E-4;4,687E-4;10,3;10,3291016
68,000;2,597;0,027;0,010;0,0619875;6,562E-4;2,344E-4;14,0;13,9739990
68,200;2,603;0,027;-0,020;0,0621375;6,562E-4;-4,687E-4;18,4;18,4240723
68,400;2,608;0,020;-0,020;0,0622500;4,687E-4;-4,687E-4;21,7;21,6586609
68,600;2,611;0,020;0,010;0,0623250;4,688E-4;2,344E-4;24,6;24,6053314
68,800;2,615;0,024;0,010;0,0624375;5,625E-4;2,344E-4;24,6;24,5837402
69,000;2,620;0,024;-0,010;0,0625500;5,625E-4;-2,344E-4;23,1;23,1080780
69,200;2,625;0,020;-0,010;0,0626625;4,688E-4;-2,344E-4;20,4;20,4151306
69,400;2,628;0,020;1,743E-15;0,0627375;4,688E-4;4,161E-17;17,6;17,6474762
69,600;2,633;0,020;1,743E-15;0,0628500;4,688E-4;4,161E-17;14,6;14,6483765
69,800;2,636;0,020;0,010;0,0629250;4,688E-4;2,344E-4;9,9;9,9266357
70,000;2,641;0,024;-1,743E-15;0,0630375;5,625E-4;-4,161E-17;7,7;7,7281799
70,200;2,645;0,020;-0,010;0,0631500;4,688E-4;-2,344E-4;7,1;7,1365356
70,400;2,648;0,020;0,010;0,0632250;4,688E-4;2,344E-4;9,6;9,6291809
70,600;2,653;0,024;0,010;0,0633375;5,625E-4;2,344E-4;19,6;19,6053925
70,800;2,658;0,024;0,010;0,0634500;5,625E-4;2,344E-4;29,0;28,9864044
71,000;2,663;0,027;0,010;0,0635625;6,562E-4;2,344E-4;41,8;41,8270264
71,200;2,669;0,027;-0,020;0,0637125;6,562E-4;-4,687E-4;49,8;49,8305206
71,400;2,673;0,020;-0,020;0,0638250;4,688E-4;-4,687E-4;55,2;55,1975250
71,600;2,677;0,020;0,020;0,0639000;4,688E-4;4,687E-4;59,0;58,9636993
71,800;2,681;0,027;0,020;0,0640125;6,563E-4;4,687E-4;59,0;59,0029297
72,000;2,688;0,027;-0,010;0,0641625;6,562E-4;-2,344E-4;55,7;55,6527557
72,200;2,692;0,024;0,000;0,0642750;5,625E-4;0,000;43,8;43,7511139
72,400;2,697;0,027;0,020;0,0643875;6,562E-4;4,688E-4;22,1;22,0679626
72,600;2,703;0,031;2,446E-15;0,0645375;7,500E-4;5,828E-17;12,8;12,7639771
72,800;2,710;0,027;-0,020;0,0646875;6,563E-4;-4,688E-4;8,2;8,2360382
73,000;2,714;0,024;0,010;0,0648000;5,625E-4;2,344E-4;7,5;7,4929504
73,200;2,719;0,031;0,010;0,0649125;7,500E-4;2,344E-4;11,3;11,3359985
73,400;2,727;0,027;-0,029;0,0651000;6,562E-4;-7,031E-4;13,2;13,2480469
73,600;2,730;0,020;-0,010;0,0651750;4,688E-4;-2,344E-4;20,1;20,0719147
73,800;2,735;0,024;0,020;0,0652875;5,625E-4;4,687E-4;25,8;25,8289185
74,000;2,739;0,027;0,029;0,0654000;6,562E-4;7,031E-4;26,7;26,7337799
74,200;2,746;0,035;0,020;0,0655500;8,437E-4;4,687E-4;23,5;23,5150146
74,400;2,754;0,035;-0,010;0,0657375;8,437E-4;-2,344E-4;19,0;19,0322876
74,600;2,760;0,031;-0,029;0,0658875;7,500E-4;-7,031E-4;13,3;13,2713470
74,800;2,766;0,024;-0,020;0,0660375;5,625E-4;-4,688E-4;10,3;10,2833099
75,000;2,769;0,024;0,010;0,0661125;5,625E-4;2,344E-4;5,4;5,4270630
75,200;2,776;0,027;0,000;0,0662625;6,562E-4;0,000;3,1;3,0675964
75,400;2,780;0,024;-0,010;0,0663750;5,625E-4;-2,344E-4;2,0;1,9605560
75,600;2,785;0,024;0,010;0,0664875;5,625E-4;2,344E-4;1,7;1,7413025
75,800;2,790;0,027;0,010;0,0666000;6,563E-4;2,344E-4;1,7;1,7341766
76,000;2,796;0,027;-0,020;0,0667500;6,562E-4;-4,688E-4;1,8;1,8108826
76,200;2,801;0,020;-0,010;0,0668625;4,688E-4;-2,344E-4;1,9;1,8900452
76,400;2,804;0,024;0,010;0,0669375;5,625E-4;2,344E-4;1,9;1,9199524
76,600;2,810;0,024;2,099E-15;0,0670875;5,625E-4;5,014E-17;1,9;1,9028168
76,800;2,813;0,024;0,029;0,0671625;5,625E-4;7,031E-4;1,8;1,7948303
77,000;2,820;0,035;0,039;0,0673125;8,437E-4;9,375E-4;1,6;1,5579529
77,200;2,827;0,039;-3,140E-15;0,0675000;9,375E-4;-7,508E-17;1,3;1,3114014
77,400;2,835;0,035;-0,029;0,0676875;8,437E-4;-7,031E-4;1,0;1,0468292
77,600;2,842;0,027;-0,029;0,0678375;6,562E-4;-7,031E-4;0,8;0,7609406
77,800;2,846;0,024;2,446E-15;0,0679500;5,625E-4;5,828E-17;0,6;0,6132965
78,000;2,851;0,027;0,010;0,0680625;6,563E-4;2,344E-4;0,6;0,5860138
78,200;2,857;0,027;-2,446E-15;0,0682125;6,562E-4;-5,828E-17;0,8;0,7750244
78,400;2,862;0,027;0,000;0,0683250;6,562E-4;0,000;1,4;1,3936920
78,600;2,868;0,027;-0,010;0,0684750;6,562E-4;-2,344E-4;2,1;2,0651093
78,800;2,873;0,024;2,446E-15;0,0685875;5,625E-4;5,828E-17;2,5;2,4727325
79,000;2,878;0,027;0,029;0,0687000;6,563E-4;7,031E-4;2,8;2,8417664
79,200;2,884;0,035;0,010;0,0688500;8,437E-4;2,344E-4;2,8;2,8284607
79,400;2,892;0,031;-0,020;0,0690375;7,500E-4;-4,687E-4;2,6;2,5719757
79,600;2,897;0,027;2,793E-15;0,0691500;6,562E-4;6,641E-17;1,7;1,6904449
79,800;2,903;0,031;0,010;0,0693000;7,500E-4;2,344E-4;1,0;1,0412598
80,000;2,909;0,031;0,010;0,0694500;7,500E-4;2,344E-4;0,6;0,5946045
80,200;2,915;0,035;-2,793E-15;0,0696000;8,437E-4;-6,641E-17;0,4;0,3990479
80,400;2,923;0,031;-0,020;0,0697875;7,500E-4;-4,687E-4;0,4;0,3890991
80,600;2,928;0,027;0,010;0,0699000;6,562E-4;2,344E-4;0,4;0,4486847
80,800;2,934;0,035;0,020;0,0700500;8,437E-4;4,688E-4;0,6;0,5784607
81,000;2,942;0,035;-0,029;0,0702375;8,437E-4;-7,031E-4;0,7;0,7363129
81,200;2,948;0,024;-0,029;0,0703875;5,625E-4;-7,031E-4;0,8;0,7954712
81,400;2,952;0,024;0,020;0,0704625;5,625E-4;4,687E-4;0,8;0,8234863
81,600;2,958;0,031;0,029;0,0706125;7,500E-4;7,031E-4;0,8;0,7869720
81,800;2,964;0,035;0,010;0,0707625;8,437E-4;2,344E-4;0,6;0,6172638
82,000;2,972;0,035;-0,020;0,0709500;8,437E-4;-4,688E-4;0,6;0,5765839
82,200;2,978;0,027;-0,010;0,0711000;6,562E-4;-2,344E-4;0,4;0,4246826
82,400;2,983;0,031;0,039;0,0712125;7,500E-4;9,375E-4;0,3;0,2763367
82,600;2,991;0,043;0,029;0,0714000;0,001;7,031E-4;0,4;0,3851471
82,800;3,000;0,043;-0,010;0,0716250;0,001;-2,344E-4;0,6;0,6393890
83,000;3,008;0,039;-0,010;0,0718125;9,375E-4;-2,344E-4;0,9;0,8975372
83,200;3,016;0,039;-0,010;0,0720000;9,375E-4;-2,344E-4;1,0;0,9657135
83,400;3,024;0,035;0,020;0,0721875;8,437E-4;4,688E-4;0,9;0,9220428
83,600;3,030;0,047;0,049;0,0723375;0,001;0,001;0,6;0,5863953
83,800;3,043;0,055;-0,020;0,0726375;0,001;-4,687E-4;0,3;0,2834167
84,000;3,052;0,039;-0,059;0,0728625;9,375E-4;-0,001;0,2;0,1914978
84,200;3,058;0,031;-3,487E-15;0,0730125;7,500E-4;-8,321E-17;0,2;0,1875916
84,400;3,065;0,039;0,059;0,0731625;9,375E-4;0,001;0,3;0,3124237
84,600;3,074;0,055;0,049;0,0733875;0,001;0,001;0,6;0,5616455
84,800;3,087;0,059;-0,039;0,0736875;0,001;-9,375E-4;0,6;0,6240845
85,000;3,098;0,039;-0,049;0,0739500;9,375E-4;-0,001;0,7;0,6520844
85,200;3,102;0,039;0,049;0,0740625;9,375E-4;0,001;0,5;0,4909821
85,400;3,113;0,059;0,039;0,0743250;0,001;9,375E-4;0,2;0,2297516
85,600;3,126;0,055;-0,039;0,0746250;0,001;-9,375E-4;0,2;0,1959839
85,800;3,135;0,043;-0,029;0,0748500;0,001;-7,031E-4;0,3;0,3281708
86,000;3,143;0,043;0,029;0,0750375;0,001;7,031E-4;0,5;0,5447083
86,200;3,153;0,055;0,029;0,0752625;0,001;7,031E-4;0,6;0,5625916
86,400;3,165;0,055;0,010;0,0755625;0,001;2,344E-4;0,4;0,4271545
86,600;3,175;0,059;0,020;0,0757875;0,001;4,688E-4;0,2;0,2192383
86,800;3,189;0,063;5,239E-15;0,0761250;0,002;3,795E-17;0,1;0,1192169
87,000;3,200;0,059;0,010;0,0763875;0,001;2,344E-4;0,2;0,1823273
87,200;3,212;0,067;0,029;0,0766875;0,002;7,031E-4;0,4;0,4050140
87,400;3,226;0,071;0,010;0,0770250;0,002;2,344E-4;0,5;0,4721527
87,600;3,241;0,071;0,010;0,0773625;0,002;2,344E-4;0,4;0,3703766
87,800;3,255;0,075;9,055E-15;0,0777000;0,002;6,343E-17;0,2;0,1747894
88,000;3,270;0,071;-0,039;0,0780750;0,002;-9,375E-4;0,2;0,2390747
88,200;3,283;0,059;-0,020;0,0783750;0,001;-4,688E-4;0,3;0,3369751
88,400;3,294;0,063;0,000;0,0786375;0,001;8,674E-17;0,3;0,2855682
88,600;3,308;0,059;-0,029;0,0789750;0,001;-7,031E-4;0,2;0,1829071
88,800;3,318;0,051;0,020;0,0792000;0,001;4,688E-4;0,1;0,1454163
89,000;3,329;0,067;0,049;0,0794625;0,002;0,001;0,1;0,1106567
89,200;3,344;0,071;-0,029;0,0798375;0,002;-7,031E-4;0,2;0,1905365
89,400;3,357;0,055;-0,039;0,0801375;0,001;-9,375E-4;0,3;0,3145752
89,600;3,366;0,055;0,029;0,0803625;0,001;7,031E-4;0,4;0,3511658
89,800;3,379;0,067;0,020;0,0806625;0,002;4,688E-4;0,2;0,1950989
90,000;3,393;0,063;-0,010;0,0810000;0,002;-2,344E-4;0,1;0,1366577
90,200;3,404;0,063;0,039;0,0812625;0,001;9,375E-4;0,1;0,1315155
90,400;3,418;0,079;0,020;0,0816000;0,002;4,687E-4;0,2;0,2353821
90,600;3,435;0,071;-0,049;0,0820125;0,002;-0,001;0,2;0,2051239
90,800;3,446;0,059;-0,020;0,0822750;0,001;-4,687E-4;0,1;0,1094971
91,000;3,459;0,063;-0,010;0,0825750;0,002;-2,344E-4;0,1;0,0858459
91,200;3,471;0,055;-0,020;0,0828750;0,001;-4,688E-4;0,1;0,0781250
91,400;3,481;0,055;0,029;0,0831000;0,001;7,031E-4;0,1;0,1035614
91,600;3,493;0,067;0,029;0,0834000;0,002;7,031E-4;0,2;0,1869965
91,800;3,508;0,067;-0,049;0,0837375;0,002;-0,001;0,2;0,2288971
92,000;3,520;0,047;-0,020;0,0840375;0,001;-4,688E-4;0,2;0,1920013
92,200;3,526;0,059;0,088;0,0841875;0,001;0,002;0,1;0,1284637
92,400;3,544;0,082;-0,010;0,0846000;0,002;-2,344E-4;0,1;0,0895233
92,600;3,559;0,055;-0,098;0,0849750;0,001;-0,002;0,1;0,1135864
92,800;3,566;0,043;-0,020;0,0851250;0,001;-4,687E-4;0,1;0,1247559
93,000;3,577;0,047;0,010;0,0853875;0,001;2,344E-4;0,1;0,1029510
93,200;3,585;0,047;0,010;0,0855750;0,001;2,344E-4;0,1;0,0868683
93,400;3,596;0,051;2,776E-15;0,0858375;0,001;8,674E-17;0,1;0,0648346
93,600;3,605;0,047;-0,010;0,0860625;0,001;-2,344E-4;0,1;0,0600586
93,800;3,614;0,047;4,198E-15;0,0862875;0,001;1,003E-16;0,1;0,0701447
94,000;3,624;0,047;0,020;0,0865125;0,001;4,687E-4;0,1;0,1085052
94,200;3,633;0,055;-6,974E-15;0,0867375;0,001;-1,870E-16;0,1;0,1470032
94,400;3,646;0,047;-0,029;0,0870375;0,001;-7,031E-4;0,2;0,1883698
94,600;3,652;0,043;0,010;0,0871875;0,001;2,344E-4;0,2;0,1922607
94,800;3,663;0,051;0,010;0,0874500;0,001;2,344E-4;0,1;0,1336975
95,000;3,673;0,047;-0,020;0,0876750;0,001;-4,688E-4;0,1;0,0770874
95,200;3,682;0,043;-0,029;0,0879000;0,001;-7,031E-4;0,1;0,0713501
95,400;3,690;0,035;-0,020;0,0880875;8,437E-4;-4,688E-4;0,1;0,0778046
95,600;3,696;0,035;3,140E-15;0,0882375;8,437E-4;7,508E-17;0,1;0,1001129
95,800;3,704;0,035;0,039;0,0884250;8,437E-4;9,375E-4;0,1;0,1112213
96,000;3,710;0,051;0,029;0,0885750;0,001;7,031E-4;0,1;0,0880280
96,200;3,724;0,047;-0,029;0,0889125;0,001;-7,031E-4;0,1;0,0798035
96,400;3,729;0,039;0,000;0,0890250;9,375E-4;-8,674E-17;0,1;0,0635529
96,600;3,740;0,047;7,112E-16;0,0892875;0,001;-3,524E-18;0,1;0,0599060
96,800;3,748;0,039;4,198E-15;0,0894750;9,375E-4;1,003E-16;0,1;0,0627289
97,000;3,756;0,047;0,039;0,0896625;0,001;9,375E-4;0,1;0,0772247
97,200;3,767;0,055;0,029;0,0899250;0,001;7,031E-4;0,1;0,0931091
97,400;3,778;0,059;0,000;0,0901875;0,001;0,000;0,2;0,1506500
97,600;3,790;0,055;-0,039;0,0904875;0,001;-9,375E-4;0,2;0,1601257
97,800;3,800;0,043;-0,069;0,0907125;0,001;-0,002;0,1;0,1340942
98,000;3,808;0,027;-0,010;0,0909000;6,563E-4;-2,344E-4;0,1;0,1129303
98,200;3,811;0,039;0,069;0,0909750;9,375E-4;0,002;0,1;0,0726776
98,400;3,823;0,055;0,020;0,0912750;0,001;4,688E-4;0,1;0,0698700
98,600;3,833;0,047;-0,010;0,0915000;0,001;-2,344E-4;0,1;0,0794067
98,800;3,842;0,051;-0,020;0,0917250;0,001;-4,687E-4;0,1;0,0834351
99,000;3,853;0,039;-0,029;0,0919875;9,375E-4;-7,031E-4;0,1;0,0742035
99,200;3,858;0,039;0,039;0,0921000;9,375E-4;9,375E-4;0,1;0,0653839
99,400;3,869;0,055;0,039;0,0923625;0,001;9,375E-4;0,1;0,0517273
99,600;3,880;0,055;-0,029;0,0926250;0,001;-7,031E-4;0,0;0,0493011
99,800;3,891;0,043;-0,029;0,0928875;0,001;-7,031E-4;0,1;0,0509949
100,000;3,897;0,043;0,020;0,0930375;0,001;4,687E-4;0,1;0,0684662
100,200;3,908;0,051;-0,010;0,0933000;0,001;-2,344E-4;0,1;0,0859528
100,400;3,918;0,039;-0,029;0,0935250;9,375E-4;-7,031E-4;0,1;0,1166992
100,600;3,924;0,039;-0,010;0,0936750;9,375E-4;-2,344E-4;0,1;0,1375427
100,800;3,933;0,035;-0,029;0,0939000;8,438E-4;-7,031E-4;0,1;0,1365509
101,000;3,938;0,027;-5,915E-15;0,0940125;6,563E-4;-1,618E-16;0,1;0,1175079
101,200;3,944;0,035;0,029;0,0941625;8,437E-4;7,031E-4;0,1;0,1016388
101,400;3,952;0,039;0,010;0,0943500;9,375E-4;2,344E-4;0,1;0,0732880
101,600;3,960;0,039;3,487E-15;0,0945375;9,375E-4;8,321E-17;0,1;0,0615845
101,800;3,968;0,039;-0,039;0,0947250;9,375E-4;-9,375E-4;0,1;0,0647888
102,000;3,976;0,024;-0,049;0,0949125;5,625E-4;-0,001;0,1;0,0669250
102,200;3,977;0,020;0,049;0,0949500;4,687E-4;0,001;0,1;0,0690765
102,400;3,984;0,043;0,088;0,0951000;0,001;0,002;0,1;0,0694885
102,600;3,995;0,055;0,020;0,0953625;0,001;4,688E-4;0,1;0,0587463
102,800;4,006;0,051;-0,049;0,0956250;0,001;-0,001;0,1;0,0520935
103,000;4,015;0,035;-0,049;0,0958500;8,438E-4;-0,001;0,1;0,0505219
103,200;4,020;0,031;0,029;0,0959625;7,500E-4;7,031E-4;0,0;0,0497131
103,400;4,028;0,047;0,039;0,0961500;0,001;9,375E-4;0,1;0,0529785
103,600;4,039;0,047;-0,010;0,0964125;0,001;-2,344E-4;0,1;0,0717468
103,800;4,046;0,043;-0,029;0,0966000;0,001;-7,031E-4;0,1;0,1045685
104,000;4,056;0,035;-0,020;0,0968250;8,438E-4;-4,688E-4;0,1;0,1247711
104,200;4,061;0,035;0,029;0,0969375;8,437E-4;7,031E-4;0,1;0,1352539
104,400;4,070;0,047;0,020;0,0971625;0,001;4,687E-4;0,1;0,1329651
104,600;4,079;0,043;-0,010;0,0973875;0,001;-2,344E-4;0,1;0,1002655
104,800;4,087;0,043;-0,020;0,0975750;0,001;-4,687E-4;0,1;0,0657959
105,000;4,097;0,035;-0,020;0,0978000;8,438E-4;-4,688E-4;0,1;0,0561676
105,200;4,101;0,035;0,029;0,0979125;8,437E-4;7,031E-4;0,1;0,0542297
105,400;4,111;0,047;0,020;0,0981375;0,001;4,687E-4;0,1;0,0632935
105,600;4,120;0,043;-0,010;0,0983625;0,001;-2,344E-4;0,1;0,0666809
105,800;4,128;0,043;-0,020;0,0985500;0,001;-4,687E-4;0,1;0,0608063
106,000;4,137;0,035;-0,039;0,0987750;8,438E-4;-9,375E-4;0,1;0,0582886
106,200;4,142;0,027;0,010;0,0988875;6,562E-4;2,344E-4;0,1;0,0534363
106,400;4,148;0,039;0,039;0,0990375;9,375E-4;9,375E-4;0,0;0,0484009
106,600;4,158;0,043;0,010;0,0992625;0,001;2,344E-4;0,0;0,0475922
106,800;4,166;0,043;-0,010;0,0994500;0,001;-2,344E-4;0,0;0,0497437
107,000;4,175;0,039;-0,029;0,0996750;9,375E-4;-7,031E-4;0,1;0,0519104
107,200;4,181;0,031;-3,487E-15;0,0998250;7,500E-4;-8,321E-17;0,1;0,0592041
107,400;4,188;0,039;0,059;0,0999750;9,375E-4;0,001;0,1;0,0814056
107,600;4,197;0,055;0,059;0,1002000;0,001;0,001;0,1;0,0990448
107,800;4,210;0,063;4,892E-15;0,1005000;0,002;1,166E-16;0,1;0,0842133
108,000;4,222;0,055;-0,020;0,1008000;0,001;-4,688E-4;0,1;0,0720825
108,200;4,232;0,055;0,020;0,1010250;0,001;4,687E-4;0,0;0,0496063
108,400;4,244;0,063;0,010;0,1013250;0,001;2,344E-4;0,1;0,0517731
108,600;4,257;0,059;5,586E-15;0,1016250;0,001;2,196E-16;0,1;0,0525665
108,800;4,268;0,063;0,049;0,1018875;0,002;0,001;0,0;0,0493927
109,000;4,282;0,079;0,010;0,1022250;0,002;2,344E-4;0,0;0,0450745
109,200;4,299;0,067;-0,059;0,1026375;0,002;-0,001;0,0;0,0431671
109,400;4,309;0,055;-0,010;0,1028625;0,001;-2,344E-4;0,0;0,0490875
109,600;4,321;0,063;0,020;0,1031625;0,001;4,688E-4;0,1;0,0789337
109,800;4,334;0,063;-0,029;0,1034625;0,002;-7,031E-4;0,1;0,0908966
110,000;4,346;0,051;-0,020;0,1037625;0,001;-4,688E-4;0,1;0,0944214
110,200;4,354;0,055;0,049;0,1039500;0,001;0,001;0,1;0,0662842
110,400;4,368;0,071;-0,010;0,1042875;0,002;-2,344E-4;0,0;0,0448456
110,600;4,383;0,051;-0,059;0,1046250;0,001;-0,001;0,0;0,0446014
110,800;4,389;0,047;0,059;0,1047750;0,001;0,001;0,1;0,0519104
111,000;4,401;0,075;0,059;0,1050750;0,002;0,001;0,1;0,0545349
111,200;4,419;0,071;-0,020;0,1054875;0,002;-4,688E-4;0,0;0,0467987
111,400;4,430;0,067;0,029;0,1057500;0,002;7,031E-4;0,0;0,0429230
111,600;4,445;0,082;0,020;0,1061250;0,002;4,688E-4;0,1;0,0502625
111,800;4,463;0,075;-0,049;0,1065375;0,002;-0,001;0,1;0,0755463
112,000;4,475;0,063;-0,010;0,1068375;0,002;-2,344E-4;0,1;0,0856781
112,200;4,488;0,071;0,029;0,1071375;0,002;7,031E-4;0,1;0,0606995
112,400;4,503;0,075;-0,010;0,1075125;0,002;-2,344E-4;0,0;0,0441589
112,600;4,518;0,067;-0,010;0,1078500;0,002;-2,344E-4;0,0;0,0438690
112,800;4,530;0,071;0,020;0,1081500;0,002;4,688E-4;0,0;0,0485382
113,000;4,546;0,075;-0,010;0,1085250;0,002;-2,344E-4;0,0;0,0490265
113,200;4,560;0,067;-0,010;0,1088625;0,002;-2,344E-4;0,0;0,0464935
113,400;4,573;0,071;-0,010;0,1091625;0,002;-2,344E-4;0,0;0,0439606
113,600;4,588;0,063;-0,088;0,1095375;0,001;-0,002;0,0;0,0448914
113,800;4,598;0,035;-0,039;0,1097625;8,438E-4;-9,375E-4;0,1;0,0510712
114,000;4,602;0,047;0,088;0,1098750;0,001;0,002;0,1;0,0704193
114,200;4,617;0,071;0,049;0,1102125;0,002;0,001;0,1;0,0699615
114,400;4,631;0,067;-0,039;0,1105500;0,002;-9,375E-4;0,1;0,0610352
114,600;4,643;0,055;-0,029;0,1108500;0,001;-7,031E-4;0,0;0,0470886
114,800;4,653;0,055;0,049;0,1110750;0,001;0,001;0,0;0,0422974
115,000;4,665;0,075;0,049;0,1113750;0,002;0,001;0,0;0,0450897
115,200;4,683;0,075;-0,039;0,1117875;0,002;-9,375E-4;0,0;0,0448761
115,400;4,695;0,059;-0,020;0,1120875;0,001;-4,687E-4;0,0;0,0436554
115,600;4,706;0,067;0,029;0,1123500;0,002;7,031E-4;0,0;0,0409546
115,800;4,722;0,071;-0,010;0,1127250;0,002;-2,344E-4;0,0;0,0437164
116,000;4,734;0,063;-0,020;0,1130250;0,002;-4,688E-4;0,1;0,0501099
116,200;4,747;0,063;-0,010;0,1133250;0,001;-2,344E-4;0,1;0,0657043
116,400;4,760;0,059;-0,029;0,1136250;0,001;-7,031E-4;0,1;0,0668030
116,600;4,771;0,051;-0,039;0,1138875;0,001;-9,375E-4;0,1;0,0562134
116,800;4,780;0,043;-0,049;0,1141125;0,001;-0,001;0,0;0,0483704
117,000;4,788;0,031;-0,059;0,1143000;7,500E-4;-0,001;0,0;0,0467377
117,200;4,793;0,020;0,010;0,1144125;4,688E-4;2,344E-4;0,0;0,0445862
117,400;4,796;0,035;0,098;0,1144875;8,437E-4;0,002;0,0;0,0440216
117,600;4,807;0,059;0,069;0,1147500;0,001;0,002;0,0;0,0473175
117,800;4,819;0,063;0,020;0,1150500;0,002;4,688E-4;0,0;0,0473938
118,000;4,832;0,067;-0,010;0,1153500;0,002;-2,344E-4;0,0;0,0459747
118,200;4,846;0,059;-0,029;0,1156875;0,001;-7,031E-4;0,0;0,0428925
118,400;4,855;0,055;0,039;0,1159125;0,001;9,375E-4;0,0;0,0394287
118,600;4,868;0,075;0,020;0,1162125;0,002;4,688E-4;0,0;0,0489655
118,800;4,885;0,063;-0,049;0,1166250;0,002;-0,001;0,1;0,0541687
119,000;4,893;0,055;0,029;0,1168125;0,001;7,031E-4;0,1;0,0628204
119,200;4,907;0,075;0,029;0,1171500;0,002;7,031E-4;0,0;0,0469513
119,400;4,923;0,067;-0,039;0,1175250;0,002;-9,375E-4;0,0;0,0389252
119,600;4,934;0,059;0,020;0,1177875;0,001;4,688E-4;0,0;0,0384674
119,800;4,946;0,075;0,049;0,1180875;0,002;0,001;0,0;0,0442047
120,000;4,964;0,079;-0,020;0,1185000;0,002;-4,688E-4;0,0;0,0452881
120,200;4,978;0,067;-0,020;0,1188375;0,002;-4,688E-4;0,0;0,0426178
120,400;4,990;0,071;0,020;0,1191375;0,002;4,688E-4;0,0;0,0375366
120,600;5,006;0,075;0,020;0,1195125;0,002;4,688E-4;0,0;0,0396423
120,800;5,020;0,079;0,020;0,1198500;0,002;4,688E-4;0,1;0,0523376
121,000;5,038;0,082;-1,252E-14;0,1202625;0,002;-1,664E-16;0,1;0,0507965
121,200;5,053;0,079;-0,010;0,1206375;0,002;-2,344E-4;0,0;0,0402069
121,400;5,069;0,079;0,000;0,1210125;0,002;0,000;0,0;0,0378571
121,600;5,085;0,079;0,010;0,1213875;0,002;2,344E-4;0,0;0,0424500
121,800;5,100;0,082;0,029;0,1217625;0,002;7,031E-4;0,0;0,0443878
122,000;5,118;0,090;-1,769E-15;0,1221750;0,002;-8,890E-17;0,0;0,0419159
122,200;5,137;0,082;-0,049;0,1226250;0,002;-0,001;0,0;0,0393219
122,400;5,151;0,071;-0,020;0,1229625;0,002;-4,688E-4;0,0;0,0410767
122,600;5,165;0,075;7,286E-16;0,1233000;0,002;6,343E-17;0,1;0,0533752
122,800;5,180;0,071;6,627E-15;0,1236750;0,002;7,156E-17;0,1;0,0512543
123,000;5,193;0,075;0,010;0,1239750;0,002;2,344E-4;0,0;0,0382996
123,200;5,210;0,075;-0,020;0,1243875;0,002;-4,688E-4;0,0;0,0367737
123,400;5,223;0,067;0,010;0,1246875;0,002;2,344E-4;0,0;0,0392609
123,600;5,237;0,079;-0,039;0,1250250;0,002;-9,375E-4;0,0;0,0423889
123,800;5,254;0,051;-0,177;0,1254375;0,001;-0,004;0,0;0,0421753
124,000;5,257;0,008;-0,128;0,1255125;1,875E-4;-0,003;0,0;0,0428619
124,200;5,257;0,000;-0,020;0,1255125;0,000;-4,687E-4;0,0;0,0421600
124,400;5,257;0,000;0,000;0,1255125;0,000;0,000;0,0;0,0420380
124,600;5,257;0,000;0,000;0,1255125;0,000;0,000;0,0;0,0425110
124,800;5,257;0,000;0,000;0,1255125;0,000;0,000;0,0;0,0422211
125,000;5,257;0,000;0,000;0,1255125;0,000;0,000;0,0;0,0422058
125,200;5,257;0,000;0,000;0,1255125;0,000;0,000;0,0;0,0422363
125,400;5,257;0,000;0,000;0,1255125;0,000;0,000;0,0;0,0422821
125,600;5,257;0,000;;0,1255125;0,000;;0,0;0,0426941
